idx,유저,챗봇
1,높이 길이를 좀 더 길게 해주실 수 있나요?,저희는 완제품을 판매하는 곳으로 따로 사이즈 제작은 어려운 점 양해 부탁드립니다.
2,,
3,,
4,,
5,레이스 커튼만 개별 구매 안 될까요?,현재 레이스 커튼은 따로 판매하고 있지 않은 점 양해 부탁드립니다. 다른 문의사항은 언제든 글 남겨주시구요.
6,,
7,화이트 구매 안 되나요?,다른 문의사항은 언제든 글 남겨주시구요 즐겁고 활기찬 하루 되세요.
8,,
9,똑같은 회사에 똑같은 상품인데 2만원 더 비싼데 혹시 상품 이 틀리나요?,구성 먼저 확인해 보시고 좀 더 저렴한 제품으로 구매해 주시면 됩니다. 다른 문의사항은 언제든 글 남겨주시구요.
10,,
11,,
12,,
13,검수 잘해서 배송 부탁드립니다 그리고 배송 날짜가 좀 늦게 뜨는 데 이번 주에 받을 수 있을까요?,주문 건 확인 후 좋은 상품으로 최대한 빠른 배송해 드리겠습니다.
14,,
15,,
16,,
17,화이트는 언제 입고되나요?,다른 문의사항은 언제든 글 남겨주시구요.
18,,
19,핀 형도 가능한가요?,다른 문의사항은 언제든 글 남겨주시구요.
20,,
21,,
22,,
23,#분산!,#분산!
24,,
25,,
26,,
27,베이지 주문했는데 타이백은 어떤 색 그리고 어떤 게오나요?,문의 주신 베이지 색상은 골드타이백이 출고되며 주문건은 확인 후 좋은 상품으로 최대한 빠른 배송 노력하겠습니다.
28,,
29,벽길이가 235인데 235커튼을 봉에 걸면 길겠지요?,세로 길이가 좀 길면 방풍 효과가 있을 것으로 보여집니다 참고하시고 즐거운 쇼핑 하세요.
30,,
31,왜 사진과 다르게 보냇는지요?,사진을 아래쪽으로 내리시면 타이백 색상이 나옵니다.
32,,
33,커튼 잘 받았어요 엔틱봉 구매 하력 느하는데 450으로 구매하면 되나요?,설치하실 가로 길이가 여유가 되거나 좀 더 기시다면 540사이즈도 괜찮습니다.
34,레일형에 해도 되나요?,커튼봉으로만 설치 가능해요.
35,,
36,,
37,,
38,,
39,,
40,,
41,,
42,,
43,,
44,,
45,,
46,,
47,,
48,,
49,,
50,,
51,,
52,,
53,,
54,,
55,,
56,,
57,,
58,,
59,,
60,,
61,,
62,,
63,,
64,,
65,,
66,,
67,,
68,,
69,,
70,,
71,,
72,,
73,,
74,,
75,,
76,,
77,,
78,,
79,,
80,,
81,,
82,,
83,,
84,,
85,,
86,,
87,,
88,,
89,,
90,,
91,,
92,,
93,,
94,,
95,,
96,,
97,,
98,,
99,,
100,,
101,,
102,,
103,,
104,,
105,,
106,,
107,,
108,,
109,,
110,,
111,,
112,,
113,,
114,,
115,,
116,,
117,,
118,,
119,,
120,,
121,,
122,,
123,,
124,,
125,,
126,,
127,,
128,,
129,,
130,,
131,,
132,,
133,,
134,,
135,,
136,,
137,배송받고 세탁하고 사용해야 하죠?,별도의 세탁 없이 간단하게 카페트 표면 청소만 하셔도 바로 사용하실 수 있습니다.
138,,
139,까는 이불보다 못한 걸 사서 올해 다시 구입하려고 하는데 무게가 얼마나 되나요?,일반 패드 워싱과 비교했을 경우 두께면이 두 배 정도이며 뒷면 꼼꼼한 논슬립 처리로 보다 편리하고 안전하게 사용하실 수 있습니다.
140,,
141,,
142,,
143,,
144,,
145,,
146,,
147,길이가 380센티인데 슈퍼특대하고 특대하고 좀 갈등되는데 어느 쪽 선택이 탁월할까요?,커튼은 일반적으로 설치하실 곳의 사이즈보다 200CM 넓은 사이즈를 권해드립니다.
148,,
149,기본 구성이랑 추가 구성다 포함인가요?,문의주신 상품 구성에는 암막 커튼과 컬러쉬어 커튼 화이트쉬어 커튼과 커튼봉 포함되어 발송됩니다.
150,,
151,4중직이면 천 4장을 겹쳤다는 뜻인가요?,4중직 암막 원단은 원사와 암막사를 경사와 위사의 배열로 교차시킨 4중 직짜임을 뜻합니다.
152,,
153,핀형 커튼으로 주문 가능한가요?,문의주신 상품은 핀 형식으로는 제작이불가한 점 양해 부탁드립니다.
154,,
155,,
156,,
157,그레이 색상 뒤 면도 같은 톤인가요?,같은 재질의 뒷면은 아니세요
158,,
159,그레이 색상은 언제 재입고되나요?,해당 제품 사이즈보다 작은 사이즈는 없음으로 이 점 참고해 주시길 바랍니다.
160,,
161,가로폭이 420인데 이 상품 구매해서 설치해도 괜찮을까요?,당사 아일렛 커튼 원단길이 측정법 안 내드리겠습니다. 이 점 참고해 주시길 바랍니다.
162,,
163,거실 전기장판 위에 사용해도 되나요?,사용 가능하나 고온 장시간 사용 시 상품 변색될 수 있으니 참고 부탁드리겠습니다.
164,,
165,,
166,혹시 세로 길이 연장 가능한가요?,저희는 완제품을 판매하는 곳으로 따로 길이수선은 어려운 점 양해 부탁드립니다.
167,,
168,,
169,,
170,,
171,,
172,,
173,,
174,,
175,,
176,,
177,,
178,,
179,,
180,,
181,,
182,,
183,,
184,,
185,,
186,,
187,,
188,,
189,,
190,,
191,,
192,,
193,,
194,,
195,,
196,,
197,,
198,,
199,,
200,,
201,,
202,,
203,,
204,,
205,,
206,,
207,,
208,,
209,,
210,,
211,,
212,,
213,,
214,,
215,,
216,,
217,,
218,,
219,,
220,,
221,,
222,,
223,,
224,,
225,,
226,,
227,그레이가 입고 되는 것만 기다리는데 언제 되나요?,아직 정확한 일정이 없어 도움을 드리지 못하는 점 양해 부탁드립니다. 오늘도 건강한 하루 보내세요.
228,,
229,,
230,,
231,,
232,,
233,가로430세로 245인데 대형하면 되나요?,커튼의 경우 주름지는 부분도 생각해야 하기 때문에 설치 위치의 1.5배 2배의 길이를 설치해야 합니다.가로 430이면 수퍼 특대형은 구매하셔야 할 것 같아요.
234,,
235,"속지와 함께 주문하려고 하는데 보통 암막 커튼 4장, 속지 2장을 많이 하나요?",암막 4장 속지 2장 하시면 좀 더 어두운 분위기 연출이 가능하며 암막 2장 속지 4장은 속지 부분으로 빛이 들어와 밝은 느낌이 듭니다.
236,,
237,설치는 아직 못했는데 커튼봉이 몇 미리 인가요?,기본 브라켓은 봉과 함께 들어 있으며 길이 조절이 가능한 브라켓은 검색창에 바자르길이 조절용 브라켓으로 검색하시면 함께 구매 가능하십니다.
238,,
239,사이즈 주문 제작 가능한가요?,제품 사이즈 제작 가능한 지 문의주셨네요. 다른 문의사항 있으시면 언제든지 방문 바라며 고객님께 항상 행복한 일들만 가득하시길 바랍니다.
240,,
241,,
242,,
243,보내주신 게 아이보리가 맞나요?,문의 주신 상품은 상품 보관 가방 앞에 들어있는 삽지로 되어 있으면 저희가 잘못 보내드린 게 맞습니다.
244,,
245,사이즈 65X 230맞죠?,저희 바니 루이스 쇼파패드 4단의 경우 모두 65CMX 230CM 로 제작하고 있습니다.
246,,
247,#분산!,#분산!
248,,
249,세탁기로 세탁 후 건조기로 건조하면 안 돼나요?,모든 섬유상품은 건조기 사용을 금지하고 있습니다. 건조기 사용시 상품에 변형이 있을 수 있어 사용 불가로 안내해드리고 있습니다.
250,,
251,아이보리는 구매할 수 없어요?,저희 바니 루이스 상품에 관심을 가져주셔서 감사드리며 문의주신 사항에 대해 답변 드리겠습니다.
252,,
253,배송언제 받을 수 있나요?,먼저 안내드린거와 달리 오늘 출고된다고 합니다 송장 확인되는데로 등록하도록 하겠습니다.
254,,
255,,
256,,
257,어제 12시까지 주문 가능했는데 이제 끝난 건가요?,문의주신 제품이 현재 너무 많이 판매가 되서 일시 품절된 것 같습니다
258,,
259,외풍 차단이 어느 정도 되나요?,문의주신 제품은 원단 1장이라고 봐주시면 되세요
260,,
261,,
262,,
263,커튼봉을 천정에 고정할 수 있다면 사이즈 몇을 구매해야 하나요?,거실 사이즈보다 짧기 때문에 설치시 길이 조절 브라켓을 이용하셔야 될 듯하며 커튼 사이즈는 특대형으로 해주시면 됩니다.
264,,
265,커튼봉이 좀 큰 것도 들어가나요?,봉이 어느 정도 큰지는 모르겠지만 3MM 를 넘기면 퍽퍽해서 움직이기 힘들어요.
266,,
267,,
268,,
269,,
270,,
271,커튼봉 둘레는 최대 얼마까지 가능하게 제작되어 있나요?,자사의 두꺼운 화이트 커튼봉은 무난히 들어갑니다.
272,,
273,킹사이즈로 높이 70으로 가능할까요?,70CM 으로 하시려면 맞춤으로 진행하셔야 합니다.
274,,
275,슈퍼싱글 사이즈는 없나요?,자사 S사이즈와 SS 사이즈는 큰 차이가 없으나 매트리스마다 차이가 있을 수 있기에 꼭.실 측 사이즈 확인 후 주문해 주시길 바랍니다.
276,,
277,,
278,,
279,300 240이면 이 커튼 구입해도 되나요?,봉은 별도 구매해 주셔야 합니다 커튼 300x240 사이즈의 경우에는 해당 제품 구매하시면 가로주름 풍성하게 연출 가능하시며 다만 세로기장은 조금 짧을 수 있습니다.
280,,
281,언제 출고될까요?,전체적으로 주문량이 많아서 조금씩 지연되고 있습니다 최대한 빠른 출고요청하겠습니다.
282,,
283,아이보리랑 화이트 색상 차이가 많이 나나요?,화이트는 완전 화이트 이시구요
284,,
285,주문했는데요급해서 그러는데 오늘 발송해주시면 안 될까요?,정확히 당일 출고 확 답드리기는 어렵습니다 이 점 양해 부탁드립니다.
286,,
287,빨리 주문해야 담주 안에 설치할 수 있지 않을까요?,주문하신 후 주문번호/색상/손잡이 방향/맞춤하실가로 세로 사이즈 남겨주시면 주문건 확인 후 제작 진행하도록 하겠습니다.
288,,
289,방금 초코렛 좌.우100/230 주문했습니다. 이번 주 토요일까지 받을 수 있을까요?,배송일은 제작일에 따라 달라지는 부분이 셔서 이번 주 중 배송 확답드리기는 어렵습니다.
290,,
291,겉에 나무 프레임까지 합쳐서 가로 길이가 229이구요. 그럼 몇으로 주문을 해야 될까요?,사이즈는 고객님께서 결정해주셔야 합니다 맞춤이기 때문에 교환/반품이불가하여 실제 볼 수가 없기 때문에 저희가 사이즈를 정해드리기는 어렵습니다.
292,,
293,흰색도 암막되나요?,해당 제품은 암막 기능성 제품이 아니세요 직사광선을 막는 정도로 생각해주세요.
294,,
295,#분산!,#분산!
296,,
297,가로 166세로 120이면 뭘로 주문해야 하나요?,단가 표 기준 170x120에 맞는 수량으로 주문해 주시면 되세요 204개 주문해 주시면 되세요.
298,,
299,,
300,,
301,제작하고 있으신 거 맞나요?,문의주신 블라인드 주문 제작 상품은 평일 기준 7일 이내 발송 상품이세요 3일 주문건 확인 후 제작 진행되고 있구요.
302,,
303,두 개로 나누고 싶은데 80으로 가능할까요?,100에 맞는 수량 선택해주시구요 사이즈 업체로 전달주시면 100이하도 제작 가능합니다.
304,,
305,거실 창에 할거라 더 신중하게 되는데 아이보리랑 화이트 어떤 게 나을까요?,화이트는 완전한 화이트 색상이구요 크림색이라고 하는 부분이 마다 조금씩 차이가 있어서 정확한 안내를 드리기는 어렵습니다.
306,,
307,진그린 200/100 좌우 주문했는데요 색상을 바꾸고 싶어서요 아이보리로 바꿀 수 있나요?,주문건 확인 결과 그레이 구매해주신 것으로 확인됩니다 또한 가로 200세로 100일 경우 구매 수량 200으로 구매해 주셔야 됩니다수량과 사이즈 색상 다시 한번 확인 부탁드립니다.
308,,
309,혹시 해외 배송도 가능한가요?,구매해주신 후 별도 배송해주셔야 하세요
310,,
311,색상 선택할 때 좌우 이렇게 나뉘는데 좌우가 먼 가요?,블라인드 올렸다.
312,,
313,가로세로 만나는 곳에 460이라는 숫자가 나오는데요 대략 금액이 얼마인가요?,기본금액에서 수량 곱해주시면 되세요
314,,
315,배송 준비 중이라는데 언제와요?,24일 제품 출고되신 부분으로 확인되구요
316,,
317,,
318,,
319,,
320,,
321,기장을 33CM 정도로 더 짧게 하고 싶은데 가능한가요?,33CM 로 원하실 경우 맞춤으로 하셔야 합니다. 맞춤의 경우 담당자가 달라 안내해드리기 어렵습니다.
322,,
323,,
324,,
325,딸아이 침대에 해주고 싶은데 침대 메트리스가 110x200 슈퍼싱글 사이즈인데 여기에 맞는 건 없나요?,구매하시는데 도움되시길 바랍니다.
326,,
327,스커트 길이가 몇 센치인 가요?,구매하시는데 참고하시기 바랍니다.
328,,
329,주문할려다 침대 사이즈가 K과 Q 어느 게 큰 사이즈인가요?,구매하시는데 참고하시기 바랍니다
330,,
331,270x235/2장으로 구성된 건가요?,2장 총 3 - 4KG 정도 됩니다
332,,
333,,
334,,
335,이 커튼 세트 의 무게가 얼마나 되나요?,커튼 무게 안내드립니다. 커튼 특성상 치고 걷으면서 압축봉이 떨어질 수 있어서 압축봉의 최대 하중 확인 후 함께 설치부탁드립니다.
336,,
337,이 같은 제품이 안방용은 없나요?,설치하시는 곳에 사이즈만 맞으시면 안방에도 설치 가능합니다.
338,,
339,,
340,,
341,암막이랑 속커튼이랑 나란히 펼쳐서 걸게 되더라도 만약 암막 커튼만 필요할 시 애암막만 펼쳐놓게 되면 주름이 넘없게 되서 이쁘지 않겠죠?,현제 폭 300CM 짜리를 사용하시는데 주름이 적당하다고 하시면 암막 커튼 기준 4장으로 설치하셔야 합니다.
342,,
343,베란다 창문 가로 305CM 세로 130CM 이면 어떤 걸로 주문해야 하는지요?,대형으로 주문하시고 제작사이즈 말씀해 주시면 됩니다.
344,,
345,혹시 초대형 조금 작게도 제작 가능한가요?,182x240 두 개로 제작되어 내일 출고해 드리겠습니다.
346,,
347,하나는 특대로 하나는 대형으로 해야 되나요?,특대형으로 주문 후배송요청란에 사이즈 기재해 주시면 됩니다.
348,,
349,,
350,,
351,,
352,,
353,혹시 구성은 고대로 하되 색상만 체리로 변경 가능할까요?,제작이 들어가서 변경 불가합니다.
354,,
355,작년 12월 제품 주문하여 아주 잘 사용하고 있습니다 대형 하나만 필요한데 한 개만 주문하려면 어떻게 해야 하나요?,낱개 주문 이용해 주세요.
356,,
357,혹시 실측 상담도 받고 싶고 주문 후 시공도 받고 싶은데요. 경남 김해인데 가능할까요?,실측은 힘들고요시공은 가능합니다.
358,,
359,보통 4개로 하는 거 같던데 크기를 어떤 걸로 할까요?,거실은 보편적으로 3개로 하시는 게 좋아요.
360,,
361,아래 댓글보니 400도 주문 제작 가능한 거 같던데가로 305세로 190인 창사이즈도 제작 가능한가요?,하나로는 제작이 힘듭니다 나눠서 주문하셔야 합니다.
362,,
363,상세 설명에는 손잡이 고정대와 콘크리트 고정나사가 포함되어 있는데 받은 상품설명서에는 포함 안 되어 있고 받은 제품에도 없네요 어떤 게 맞는 건가요?,손잡이 고정대는 2018년부터 안전 규정이 변경되어 기본 품목에서 제외되었습니다.
364,,
365,방창문 사이즈 가로 180CM 인데요 어떤 사이즈로 주문하면 될까요?,블라인드는 최대 가로 220CM 까지 주문 제작 가능합니다. 하지만 2개로 나눠서 주문 제작을 원하신다면 소형 사이즈로 구매하시길 권장합니다.
366,,
367,가로 150인데 주문을 어떻게 하나요?,옆에 공간이 있는지요 여유공간이 있으면 155로 그냥 가시는 게 좋아요.
368,,
369,세로길이는 240 고정인가요?,네 가능합니다 배송요청란에 원하시는 사이즈 기재 하시면 됩니다.
370,,
371,손잡이 방향이 좌측 우측 표시 맞죠?,확인되었습니다.
372,,
373,1+1이면 가로 155가 두 개가 온다는 거 맞는 건가요?,주문하신 상품과 같은 상품으로 배송됩니다.
374,,
375,,
376,,
377,가로 183세로 223가능한가요?,일단 가로가 183이시면 주름을 감안하고 2장 설치하시는 게 맞습니다. 다소세로 길이가 길 수는 있으나 커튼이 딱 떨어지는 느낌으로 설치를 원하시면 맞춤으로 제작하셔야 합니다.
378,,
379,두 장으로 가능하까요 아님네 장하는 게 졸까요?,2장으로 하시면 주름잡으면 커튼이 다소 폭이 짧아 보일 수 있습니다. 4장을 구매하셔서 설치하시면 풍성한 주름을 잡고 화면처럼 연출이 가능할 듯합니다.
380,,
381,세로길이를 230CM 로 조정 가능한가요?,맞춤으로 진행 가능하십니다. 세로 길이 수선은 가능하지만 기존 제품을 뜯어서 제작해야 되기 때문에 바느질 자국이 남을 수 있습니다.
382,,
383,11일까지 주문하면 설 오기 전에 받을 수 있다고 했는데 가능하신 건지요?,주문건 12일 확인 후 출고 예정이구요 일부 지역에 따라서는 택배사의 사정에 따라 설전 배송이 어려우 실 수 있습니다.
384,,
385,이 제품 대자는 없나요?,문의주신 제품은 2장/4장/6장 단위로 판매되고 있습니다 별도 1장으로 더 큰 사이즈는 출시되지 않았습니다.
386,,
387,창 커텐으로 사용하고 싶은데 길이를 170으로 해주실 수 있을까요?,시즌 상품으로 인하여 당분간 맞춤 진행은 어렵습니다 구매하신 후 구매 확정되시면 가까운 수선집 이용 부탁드립니다 이 점 양해부탁드립니다.
388,,
389,커텐 총길이가 235센치인 가요?,커튼 총 세로 길이가 235이구요 맞춤은 자사몰에서만 가능합니다.
390,,
391,,
392,,
393,거실 : 356X 247안방 : 220X 247 높이가 판매하는 치수보다 더 큰 데 감안하여 제작 가능한가요?,문의주신 제품은 시즌 상품 생산으로 인해 당분간 맞춤 제작이불가합니다 이 점 양해 부탁드립니다.
394,,
395,주문했는데 봉포함된 거 맞나요?,문의주신 제품은 봉포함 제품이 아니세요 봉은 별도 구매해 주셔야 합니다.
396,,
397,진그레이 컬러는 언제 재입고되나요?,주말 중 입고 예정으로 주문하실 수 있도록 시스템 변경되었습니다 확인 부탁드립니다.
398,,
399,높이가 225인데 길이가 짧은 건 없나요?,기성품으로 문의주신 제품은 기장 235 제품이 세요 구매하신 후 구매 확정되시면 더 짧은 부분은 가까운 수선 집 추천 드리고 있습니다.
400,,
401,,
402,,
403,,
404,,
405,,
406,,
407,,
408,,
409,,
410,,
411,,
412,,
413,,
414,,
415,,
416,,
417,,
418,,
419,,
420,,
421,,
422,,
423,,
424,,
425,,
426,,
427,,
428,,
429,,
430,,
431,,
432,,
433,,
434,,
435,,
436,,
437,,
438,,
439,,
440,,
441,,
442,,
443,,
444,,
445,,
446,,
447,,
448,,
449,,
450,,
451,,
452,,
453,,
454,,
455,,
456,,
457,,
458,,
459,,
460,,
461,,
462,,
463,,
464,,
465,,
466,,
467,,
468,,
469,,
470,,
471,,
472,,
473,,
474,,
475,,
476,,
477,,
478,,
479,하나 더 주문하게요 그리고 구성품이 봉도 포함인 거 맞죠 풀셋 맞죠?,주문하신 상품은 봉세트 구성으로 확인되며 확인 후 좋은 상품으로 출고하겠습니다.
480,,
481,타이백 없이 왔는데 원래 없는 건가요?,주문하신 상품 구성에는 타이백이 없습니다. 구성을 확인해주세요.
482,,
483,사은품으로 타이백 선물해주실 수 있을까요?,주문 건 확인 후 좋은 상품으로 최대한 빠른 배송 노력하겠습니다. 타이백은 구성에 없는 상품으로 출고가 어렵습니다.
484,,
485,설치.할려고 보니 천정이 석고보드?같다는데 그럼 설치를 어떻게 해야 하나요?,저희 커튼봉은 벽면 또는 천장에도 설치 가능하며 석고보드 시 철물점에서 석고보드피스를 따로 구매 설치하셔야 합니다.
486,,
487,화이트 색상 재입고 언제 되나요?,문의주신 화이트 색상은 현재 품절이며 12월 중으로 입고된다고 합니다. 빠른 시일 내에 입고될 수 있도록 노력 하겟습니다.
488,,
489,커텐은 낙낙한 걸루 주문해야 하는데 대형 사이즈는 작을 것 같은데 특대형은 안 파나요?,일반적으로 실측 사이즈보다 1.5 - 2배 정도 넉넉한 사이즈로 선택을 많이 하십니다.
490,,
491,,
492,,
493,커튼이 망이랑 암막이랑 붙어 있나요?,하나의 커튼봉에 암막 커튼과 레이스 커튼을 겹쳐서 설치하시면 됩니다.
494,,
495,,
496,,
497,암막은 어느 정도입니까?,저희 커튼은 생활 암막 커튼이며 고객님이 생각하시는 깜깜한 암전 효과는 없습니다.
498,,
499,천장 및 벽면 모두 설치 가능한가요?,봉 세트를 구매하시면 설치부자재가 포함되어 있습니다. 저희 브라켓은 벽면/ 천장 설치 가능합니다.
500,,
501,오늘 주문했는데.베이지로 교환 원해요 가능할까요?,베이지 색상으로 변경하여 출고되었습니다. 다른 문의사항 있으시면 언제든지 글을 남겨주세요.
502,,
503,다시 문의 드려요 너비가 234길이가 228인데 대형하면 될까요?,저희 업체 모든 상품의 세로기장은 235CM 동일하며 너비는 설치할 곳의 1.5배 정도로 생각하셔서 구매해 주시면 되는데 중형은 180CM 이니 사이즈 확인하시어 구매해 주시면 됩니다.
504,,
505,,
506,혹시 몇 시 정도 주문 가능할까요?,지금 확인하시면 주문 가능할 것으로 보여집니다. 확인하시고 즐거운 쇼핑 하세요.
507,,
508,,
509,,
510,,
511,,
512,,
513,,
514,,
515,,
516,,
517,,
518,,
519,,
520,,
521,,
522,,
523,,
524,,
525,,
526,,
527,,
528,,
529,,
530,,
531,,
532,,
533,,
534,,
535,,
536,,
537,,
538,,
539,,
540,,
541,,
542,,
543,,
544,,
545,,
546,,
547,,
548,,
549,,
550,,
551,,
552,,
553,,
554,,
555,,
556,,
557,,
558,,
559,,
560,,
561,,
562,,
563,,
564,,
565,,
566,,
567,베이지 언제 되나요?,현재 입고 일정이 확정되지 않아 정확한 답변이 어려운 점 양해 부탁드립니다.
568,,
569,,
570,,
571,커튼이 벽꼭대기 시작점부터 걸리는 게 아니라 봉부터 시작하니까 230도 괜찮지 않나요?,당사 커튼은 천장부터 바닥까지 기준으로 230CM 으로 제작됩니다. 함께 발송되는 조절 브라켓이 8CM 가량 조절이 가능하십니다.
572,,
573,타이백은 포함 아닌가요?,로망 제품에는 타이백이 포함되어 있지 않습니다. 구성품 보시면 확인 가능합니다.
574,,
575,가로270인데 특대형은 너무 크지 않을까요?,대형도 설치는 가능하지만 풍성한 주름은 없으실 듯합니다. 대형보다 특대형을 설치하는 것이 풍성한 주름으로 예쁘게 설치 가능하실 듯합니다.
576,,
577,,
578,,
579,중형은 없나요?,로망 제품의 경우 재고가 소량 남아 있어 인터넷몰에 모두 다 판매가 불가능한 점 양해 부탁드립니다.
580,,
581,세탁은 어찌 하나요?,우선 세탁 방법부터 설명을 드리겠습니다. 물 세탁은 불가능한 제품으로 불가능한 이유는 세탁기에 넣으려면 부득이하게 접으셔야 하는데 복구가 어려우며 건조가 쉽지 않고 틀어짐도 발생할 수 있습니다.
582,,
583,,
584,,
585,구성에 커텐봉은 기재가 안 되어 있는데 커텐봉 함께 오는 거 맞나요?,다른 문의사항은 언제든 글 남겨주시구요 덥고 지치기 쉬운 날씨에 시원하고 상쾌한 일들만 가득하세요.
586,,
587,사진상 마무리 부분은 두꺼워 보이는데 중앙 부분은 두께가 어느 정도 되나요?,문의주신 상품의 두께는 약0.8CM 정도 됩니다.
588,,
589,주문했는데 배송일이 13일이라 나오네요?,주문해주신 상품은 이미 출고되었습니다.
590,,
591,브라운은 언제 구매할 수 있을까요?,현재 특대형 브라운 제품 구매 가능하십니다.
592,,
593,,
594,,
595,비스킷 색이 무슨 색이죠?,문의주신 비스킷 색상은 파스텔 톤의 연한 베이지 색상으로 비스킷 과자 색상으로 보시면 되실 것 같으세요.
596,,
597,커튼 디망쉬 한 장 가로 사이즈가 132인 가요?,원단 특성상 오차 있을 수 있습니다. 커튼을 구매하시면 커튼봉은 별매세요.
598,,
599,한 가지만 더 질문드릴게요 커튼 핀 사용하여 커튼 레일에 다가걸 수 있는 제품인가요?,문의주신 제품은 아일렛 형식으로 상단에 메탈링이 박혀 있는 커튼으로 핀을 꽂을 수 있는 심지가 없어서 커튼 원단에 손상이 생기기 때문에 커튼봉에 끼워서 설치하시기를 권장 드립니다.
600,,
601,한 장에 132센티라는 건가요?,기재되어 있는 사이즈는 쫙 펼쳐서 잰 사이즈로 35 40 주름 없이 35 41 실제로 설치하시게 되면 가로가 많이 줄어듭니다.
602,,
603,,
604,온라인으로 커튼은 처음 구매하는 거라서요 그럼 170X 160/297X 217 각각 몇 개씩 구매를 해야 되는 건가요?,창사이즈 170X 160는 작은 창 용으로 암막 커튼 2장로 설치하시면 되세요.
605,,
606,,
607,,
608,,
609,,
610,,
611,,
612,,
613,,
614,,
615,,
616,,
617,,
618,다크 그레이 2세트 주문했는데 다른 곳은 그렇게 추가하면 이어서 연결해서 보내주던데 여기는 따로따로 오는데 원래 그런 건가요?,저희 B.H.F 제품은 기성품을 판매하기 때문에 주문 제작이불가능하며 사이즈 변경 및 수선이불가합니다.
619,,
620,가로세로 길이 맞죠?,사이즈 132X 170이라 기재되어 있는데요
621,,
622,커튼봉은 따로 구매해야 하는 건가요?,BHF 커튼봉 으로 검색하시면 현재 판매 중인 봉확인 가능하시며 커튼봉은 창사이즈에 맞추어 10자나 15자로 선택 부탁드립니다.
623,,
624,재입고 예정 있나요?,문의주신 상품은 재입고 예정에 있으나 정확한 날짜는 안내가 어려운 점 양해 바랍니다.
625,,
626,,
627,,
628,천장이 아닌 벽면에도 설치가 가능할까요?,업체 브라켓은 조절 브라켓으로 천장에만 설치 가능하며 벽에는 설치가 어렵습니다.
629,,
630,궁금해서 그러는데요 부재료 커텐 봉주시나요?,문의주신 상품 구성에는 커튼봉이 포함되어 발송되십니다.
631,,
632,다른 색 구매는 안 되는 건가요?,현재 네이비 색상만 재고 있습니다.
633,,
634,순수 웨딩스타일 암막 커텐 대형 말고 특대형 구입 가능하나요?,일반적으로 커튼은 설치하실 곳의 사이즈보다 1.5배 사이즈를 권해드립니다.
635,,
636,롯데 상품 4 - 5개 구입 예정인데.설치가 눙할까요?,문의주신 상품은 자가 설치 상품으로 설치 서비스는 불가한 점 양해 부탁드립니다.
637,,
638,커텐 봉천장 말고 벽면에도 설치 가능한가요?,당사 브라켓은 8CM 가량 조절이 가능한 브라켓으로 벽면에는 설치가 불가한 점 양해 부탁드립니다.
639,,
640,,
641,,
642,연 그레이 두 장 주문해서 잘 쓰고 있습니다 이번에는 그레이로 두 장 정도 주문하고 싶은데 언제쯤 재입고될까요?,문의주신 그레이 색상 주문 가능하십니다.
643,,
644,타이백은 같이 배송되는 건가요?,타이백은 별도 구매하셔야 하는 점 양해 부탁드립니다. 인터넷에 롯데 타이백으로 검색 후 그라데이션 타이백으로 색상 선택 하시면 됩니다.
645,,
646,한스 데코 로제2 이중 암막 레이스 커튼의 구성 상품 중에 암막 커튼이 이 솔리드 암막 커튼과 같은 상품일까요?,해당 제품 이중암막으로 구성되어 있는 암막 커튼은 색상에 따라서 말씀하신 일반 솔리드와 같은 경우도 있으나 일반 솔리드 암막 커튼과는 두께감 등 원단 차이가 있습니다.
647,,
648,커텐 150X 222로 제작 가능한가요?,저희 상품의 관심 가져주셔서 감사합니다 문의주신 제품은 제작이불가한 제품으로 구매 어려운 점 양해 부탁드립니다.
649,,
650,혹시 봉이 아닌 알미늄 레일에 설치도 가능한가요?,문의주신 상품은 아일렛 커튼으로 커튼에 아일렛 구멍이 뚫려 있어 커튼 핀으로 레일에 설치하시게 되면 보기에 안 좋아 권해드리고 있지는 않습니다.
651,,
652,2개를 구매하려고 합니다 커튼봉도 사야 하는데 추가 구성은 어떻게 사야 하나요?,문의주신 상품에 커튼봉은 포함된 구성으로 발송됩니다. 커튼봉은 별도 구매하실 필요 없으며 가운데 장식 타이백만 별도 구매 부탁드립니다.
653,,
654,다른 싸이즈는 입고되었는데 130/170은 더 기다려야 하나요?,현재 방한 커튼 아이보리 전 사이즈 입고되어 구매 가능하며 검색창에 알뜨리 방한 커튼 검색 후 구매 가능한 점 참고 부탁드리겠습니다.
655,,
656,구성품에 타이백은 없나요?,타이백은 구성에 포함되어 있지 않으며 타이백은 방송 중 구매 사은품으로 인터넷 상품 구성에는 포함되어 있지 않은 점 양해 부탁드립니다.
657,,
658,폭 360 높이 230인 가요?,문의주신 상품의 사이즈는 가로 양쪽 커튼 합친 넓이가 360세로 높이가 230CM 이며 커튼은 가로세로 오차 2 - 3CM 발생할 수 있음을 양해 부탁드립니다.
659,,
660,24평 거실에 맞는 사이즈인가요?,커튼은 일반적으로 평수로는 정확한 안내가 어려우며 설치하실 곳의 실측보다 150CM 이상 넓은 사이즈를 권해드립니다.
661,,
662,,
663,,
664,"커튼봉 1세트에 조절 브라켓, 나사 다 포함된 거죠?",커튼봉 구성에는 조절 브라켓과 나사 모두 포함되어 있습니다.
665,,
666,높이가 240인데 240으로 주문이 될까요?,당사 판매 중인 커튼은 맞춤 제작이불가하여 주문 제작 주문이 어려운 점 양해 부탁드립니다.
667,,
668,커튼봉은 따로 시켜야 하나요?,문의 주신 상품은 커튼 1장과 커튼 끈 1개로 구성되어 있으며 커튼봉은 별도 구매 상품으로 검색창에 알뜨리 커튼봉 검색 후 구매 가능합니다.
669,,
670,,
671,,
672,커튼이랑 봉이랑 같이 오는 거죠?,검색창에 메리미 커튼봉 으로 검색 시 커튼봉 포함된 상품 확인 가능합니다.
673,,
674,34평형 가로 450CM 의 거실에 설치하면 좀 작을 것 같은데 이 상품으로 슈퍼특대형은 없나요?,벽면 전체 사이즈가 450CM 인 경우 메리미 530으로 설치 이용 가능하시며 여유공간이 더 있다고 하시면 360사이즈 2세트나 264+360 한 세트씩 이용하셔야 합니다.
675,,
676,답변 감사드리며 길이가 240이면 봉까지 해서 조금 뜰까요?,조절 없이도 브라켓 설치 시 상단에 6 - 7CM 가량 내려오게 됩니다.
677,,
678,폭이 530MM 이면 커텐이 두 장으로 나뉘어져 있나요?,메리미 530 사이즈는 한 장당 265CM 의 커튼이 2장 들어 있습니다. 25평 거실 창의 설치하시고자 하는 창의가로 사이즈 확인 부탁드립니다.
679,,
680,,
681,,
682,360x230 한 장인지?,커튼은 일반적으로 설치하실 곳의 사이즈보다 1.5배를 추천해 드립니다.
683,,
684,360x230이 2개인 건가요 양쪽으로 가르려면 2개가 필요한데 그리고 커텐봉은 어떻게 되나요?,문의주신 상품은 양쪽 합쳐진 사이즈가 360CM 이며 한 장당 180x230CM 사이즈 2장으로 배송됩니다.
685,,
686,타이백은 따로 구매할려면 얼마에요?,제품 검색창에 롯데 타이백으로 검색하시면 금액과 제품 확인 가능합니다.
687,,
688,아파트 거실 높이가 235 것도 짧은데 혹시 길이를 250 이렇게 주문도 될까요?,문의주신 상품은 250CM 로는 주문이불가한 점 양해 부탁드립니다.
689,,
690,화이트 구매하고 파요. 언제 입고되나요?,문의주신 상품은 현재 품절 상품으로 현재 구매가 어려우 신점 양해 부탁드립니다.
691,,
692,,
693,,
694,천정부터 거실 바닥까지 총 길이가 어떻게 되나요?,당사 커튼은 천장부터 바닥까지 실측하셨을 때 230CM 에 맞게 커튼이 제작되었습니다.
695,,
696,,
697,,
698,,
699,,
700,,
701,,
702,,
703,,
704,,
705,,
706,,
707,,
708,,
709,,
710,,
711,,
712,,
713,,
714,,
715,,
716,,
717,,
718,,
719,,
720,,
721,,
722,,
723,,
724,,
725,,
726,,
727,,
728,,
729,,
730,,
731,,
732,,
733,,
734,,
735,,
736,,
737,,
738,,
739,,
740,,
741,,
742,,
743,,
744,,
745,,
746,,
747,,
748,작년에 똑같은 상품을 샀는데 재고인가요?,상품 재고는 아니고 계속해서 입고되고 있는 상품이구요.
749,,
750,,
751,,
752,애니멀 러그랑 헤이즐 러그랑 주문하려니까 배송비가 각각 계산되네요 육천원이나 왜 글죠?,해당 상품 현재 전산상의 오류가 있는 것으로 확인되세요. 담당 부서로 전달 드렸구요.
753,,
754,,
755,,
756,1+1이라고 했는데 사이즈 같은 거죠?,보니 오차범위가 5CM 정도 발생될 수 있으나 기재해 드리고 있는 사이즈보다 10CM 정도 차이가 있다면 업체 사유로 교환/반품 가능하세요.
757,,
758,어느 정도 작은 건 감수하겠는데 10센치 차이는 너무 한 거 아닌가요?,받아보신상품 교환이나 환불 진행 도움 드리도록 하겠습니다. 말씀해 주신 부분은 담당 부서로 전달 드렸구요.
759,,
760,건조기 사용 가능한가요?,문의 남겨주신 상품건조기 사용 가능하세요. 첫 세탁은 원단 보호를 위해 드라이클리닝 추천 드리고 있는 점 참고해 주시구요.
761,,
762,예전에 구매 햇던 타카타카 애니멀 시리즈 쇼파패드 소재는 부드러운 소재였는데 오늘 배송 돤러그는 부드럽지 않아요혹 세탁하면 부드러워질까요?,애니멀 상품들은 모두 나노화이바 소재로 부드러운 소재로 제작되었답니다.
763,,
764,1+1인데요 혹시 프렌치 불독 브라운이랑 베이지로 할 수는 없나요?,문의 남겨주신 두 상품은 금액 차이가 있어 1+1으로 발송 어려운 점 양해 부탁드리겠습니다.
765,,
766,,
767,,
768,"배송 예정일은 내일인데, 아직까지 배송 준비 중이네요?",현재 주문량이 많아 바로 발송 도움 드리기 어려웠던 것으로 확인됩니다. 상품 오늘 출고될 예정이나요청하신 대로 다음 주 중 발송될 수 있도록 담당 부서로 전달하였구요.
769,,
770,원래 오늘 온다고 그랬었는데 다시 배송 준비 중 내일로 미뤄진 것 같은데 발송 안 하신 것 같은데 낼 올 수 있는 건가요?,문의 주신 상품 현재 주문량이 많은 상품이라 순차적으로 발송되고 있으세요.
771,,
772,사이즈는 어케 돼 나요?,안녕하세요 문의 남겨주신 상품Q사이즈에 가깝다고 봐주시면 되세요.
773,,
774,두 개 가격인가요?,구성품 참고하셔서 예쁜 상품 구매 부탁드려요.
775,,
776,오늘 배송 가능하나요?,우선 주문 주셔서 너무 감사드려요. 상품 오늘 출고 가능하신 것으로 확인되구요.
777,,
778,선물하려고 하는데 선물용 가방을 같이 주문할 수 있을까요?,너무 죄송하게 도 선물용 가방은 따로 판매 및 준비되지 않아 주문 어려운 점 양해 부탁드리겠습니다.
779,,
780,,
781,,
782,세탁을 두 번 후 쓰려고 해도 짧은 털이 자꾸 나오는데 괜찮은 건가요?,처음 몇 번은 그러한 부분 있을 수 있으세요.
783,,
784,,
785,,
786,,
787,,
788,사이즈 SS로 주문할 수 없나요?,해당 상품은 기성 사이즈로 제작되는 사이즈라SS 사이즈로는 제작이 어려운 점 양해 부탁드리겠습니다.
789,,
790,패드는 판매 안 하나요?,죄송하지만 패드는 따로 준비된 상품이 없습니다.
791,,
792,15키로 통돌이 세탁기에 물세탁 가능한가요?,세탁기로는 불가능하십니다. 빨래방 대형 세탁기를 사용을 권장하고 있습니다.
793,,
794,,
795,,
796,바닥 뒷면에 미끄럼 방지가 안 되어 있는 건가요?,고객님러그 뒷면은 논슬립 처리가 된 제품이 아니시며 미끄럼 방지가 안 되어 있으십니다.
797,,
798,패드 커버만 따로 구매 가능한가요?,죄송하지만 패드 커버만 따로 판매하지 않습니다.
799,,
800,뒤면 미끄럼 방지가 어떤 게 되어 있는지 상세 페이지에서 보고 싶은데 뒷면 사진이 없네요 미끄럼 방지가 잘 되어 있나요?,죄송하지만 뒷면 사진은 찍어둔 것이 없어서 따로 사진을 보여드리긴 어렵습니다.
801,,
802,,
803,,
804,160 210 상품은 없나요?,품절로 이번 시즌 재입고 예정은 없는 점 양해 부탁드립니다.
805,,
806,,
807,,
808,화이트 색 재입고 가능한가요?,문의주신 상품 재입고되어 구매 가능하십니다.
809,,
810,거실가로가 380인데 대형이 맞는 건가요?,커튼 사이즈는 설치하실 곳 실측가로 넓이보다 150CM 크게 구매하시면 맞게 설치 가능합니다.가로 380일 경우 특대형 사이즈 하시면 적당한 주름 연출 가능합니다.
811,,
812,핑크 재입고 안 되나요?,8일 정도 확인하시면 주문 가능할 것으로 보여집니다. 조금만 기다려주세요.
813,,
814,집벽이 석고보드인데요 석고보드 전용으로 보내주실 수 있나요?,해당 업체에서는 일반용 나사만 판매되고 있습니다. 석고보드용 나사는 고객님께서 따로 구매해 주셔야 합니다.
815,,
816,33평 거실에도 작지 않을까요?,설치하시려는 공간에 사이즈를 확인하시고 커튼을 선택하셔야 합니다. 주름잡히는 걸 예상하시고 넉넉한 사이즈로 선택하시면 좋습니다.
817,,
818,450봉으로 선택하면 되나요?,네네 봉은 길이 조절이 가능하십니다. 그리고 저희 봉은 기본적으로 철봉이기 때문에 일반 알미늄 봉보다는 무게를 더 잘 버팁니다.
819,,
820,,
821,,
822,안방 침실용 암막 커튼 네 장샀는데요 커튼봉 어떤 사이즈를 구입해야 하나요?,커튼봉은 고객님께 맞는 사이즈로 구매해 주시면 되세요 450 안쪽이시면 해당 제품 구매 후 줄여 사용 가능하세요.
823,,
824,,
825,,
826,,
827,,
828,,
829,,
830,,
831,,
832,,
833,,
834,,
835,,
836,,
837,,
838,,
839,,
840,,
841,,
842,,
843,,
844,,
845,,
846,,
847,,
848,"주문 정보에서 교환신청하려니 품절로 교환신청이 안 된다 뜨던데, 오배송으로 아무 거나 보내놓고 그러면 안 되지 않나요?",현재 기간이 지나 안심번호가 연결이 끊어져 있어 실번호 연결이 어려우니 번거로 우시더라도 고객센터로 접수해 주시면 교환 진행해 드리겠습니다.
849,,
850,거실용 슈퍼특대형 도주문 가능한지요?,참고 부탁드리며 주문건 확인 후 빠른 발송처리하도록 하겠습니다.
851,,
852,커튼봉길이 조절이 가능한가요?,해당 업체의 커튼봉은 큰봉과 작은 봉을 연결하여 설치하시는 것으로 길이 조절이 가능합니다.
853,,
854,,
855,,
856,레이스 속커튼이 암막 커튼과 따로 분리가 되어 있는 건가요?,다른 문의사항은 언제든 글 남겨주세요 즐거운 하루 되세요.
857,,
858,,
859,,
860,색상 불량이 왔다고 해서 교환신청을 했는데러그가 있던 박스랑 포장지를 다 버렸는데 다른 박스에 넣어 교환 가능한가요?,네 가능합니다. 잘 접어 넣어서 보내주세요.
861,,
862,안쪽 색상이 은색?,뒷면은 은색이며 완벽한 암막은 어려우시며 설치하시는 곳에 따라 암막 효과가 다르게 나타나는 점 양해해 주시기 바랍니다.
863,,
864,"설치할 곳이 봉이 아닌 핀커튼인데, 할 수 있는 방법이 없을까요?",문의 주신 상품의 레이스 커튼은 아일렛형으로만 제작되었으며 핀 형으로 변경은 어렵습니다.
865,,
866,안방 창가로 150세로 240일 경우는 어떻게 주문해야 될까요?,창가로 사이즈가 150인 경우 암막 커튼 기준 2장으로 설치 가능하십니다.
867,,
868,세탁기에 가능한 제품인가요?,물 세탁 가능하며 단독 세탁권장합니다.
869,,
870,색 선정하면 같은 색으로 1+1주 시나요?,넵색은 같은 색으로 발송됩니다.
871,,
872,,
873,,
874,크림 입고 언제 되나요?,현재 문의하 신 상품 입고되어 판매되고 있습니다.
875,,
876,발탄러그와 헤링본 쟈가드 카페트와 차이가 무엇인지요?,두께는 동일하며 약 5MM 정도 같은 소재이나 짜여진 패턴의 차이가 있습니다.
877,,
878,상품평에 브라운 품절이라 다른 색 교환 글을 봤는데 브라운 지금 구매할 수 있나요?,현재 브라운 색상 일시 품절 상태로 5/27 - 28일쯤부터 발송 가능합니다. 발송은 구매하신 후 익일 발송이셔서 구매하신 날 기준 다음날 출고되며 금요일 오전 9시 이후 주문건은 주말 휴무로 인하여 월요일에 출고됩니다.
879,,
880,딥 그레이가 푸른빛이 도나요?,네 말씀해 주신 대로 이나 PC에 따라 보이는 색상 차이가 있을 수 있습니다.
881,,
882,딥 그레이는 언제쯤 입고될까요?,금일 입고되었으니 구매 가능하십니다.
883,,
884,실버OR 카키 그레이 재입고 예정은 있나요?,현재 주문 가능하십니다.
885,,
886,170 230 카키 그레이 주문은 어떻게 하는지요?,검색창에 발탄을 검색하시면 사이즈별로 상품 등록되어 있으니 주문하실 수 있습니다.
887,,
888,어떤 칼라의 카펫이 잘 어울릴까요?,말씀해 주신 가구에 어울릴 만한 색상은 크림 브라운 색상으로 집안 분위기를 밝게 하기를 원하시면 크림 색상을 추천해 드리구요.
889,,
890,두께는 어떻게 되나요?,관리하기 너무 두껍지 않은 적당한 두께로 사용하시기에 편리하세요
891,,
892,세탁기가 17키로인데 물세탁 가능할까요?,17KG 세탁기로 세탁 가능합니다 울 코스로 단독 세탁하시면 좋은 퀄리티로 오래 사용 가능하세요.
893,,
894,저 두딥 그레이 기다리고 있는데 빨리 만들어 주심 안 되나요?,먼저 공장 사정으로 지연되고 있는 점 양해부탁드립니다. 최대한 빨리 진행될 수 있도록 수시로 체크하도록 하겠습니다.
895,,
896,카키 그레이와 딥 그레이 중더 진하고 톤 다운된 색이 카키그레이 인가요?,쇼파나 벽지 등을 고려해야겠지만 진한 색상을 찾으신다면 카키 그레이를 추천 드립니다.
897,,
898,,
899,,
900,,
901,,
902,,
903,,
904,,
905,,
906,,
907,,
908,,
909,,
910,,
911,,
912,,
913,,
914,,
915,,
916,,
917,,
918,,
919,,
920,,
921,,
922,,
923,,
924,,
925,,
926,,
927,,
928,,
929,,
930,,
931,,
932,,
933,,
934,,
935,,
936,,
937,,
938,,
939,,
940,,
941,,
942,,
943,,
944,,
945,,
946,,
947,,
948,,
949,,
950,,
951,,
952,,
953,,
954,,
955,,
956,,
957,,
958,,
959,,
960,,
961,,
962,,
963,,
964,,
965,,
966,,
967,,
968,,
969,,
970,,
971,,
972,,
973,,
974,,
975,,
976,,
977,,
978,,
979,,
980,,
981,,
982,,
983,,
984,,
985,,
986,,
987,,
988,,
989,,
990,,
991,,
992,,
993,,
994,,
995,,
996,,
997,,
998,,
999,,
1000,,
1001,,
1002,,
1003,,
1004,,
1005,,
1006,,
1007,,
1008,,
1009,,
1010,,
1011,,
1012,,
1013,,
1014,,
1015,,
1016,,
1017,,
1018,,
1019,,
1020,,
1021,,
1022,,
1023,,
1024,,
1025,,
1026,,
1027,,
1028,,
1029,,
1030,,
1031,,
1032,,
1033,,
1034,,
1035,,
1036,이 제품 핑크와 퓨어 이중 암막 핑크랑암막률은 같은지요?,모두 99퍼센트 생활 암막 정도만 된다고 보시면 됩니다.
1037,,
1038,180 235이 제품.180짜리가 두 개 오는 건가요?,네 해 당 사이즈는 1장 기준 사이즈이기 때문에 해당 사이즈로 2장이 발송됩니다.
1039,,
1040,안방 창문가로가 240인데 어떤 사이즈로 주문해야 할까요?,커튼은 설치할 곳에 1.5배 정도로 생각하셔서 구매해 주시면 되는데 설치할 곳이 240CM 이시라면 중형 사이즈 정도 구매하셔도 될 듯합니다.
1041,,
1042,44평 아파트 안방에 달려면 중형 사이즈는 작나요?,먼저 설치하시려는 공간 실측 사이즈를 재어 보시고 선택하셔야 합니다. 커튼 선택 시 1.5배 정도 넉넉한 사이즈를 선택하시면 주름이 이쁜 게 잡힌다고 합니다.
1043,,
1044,거실길이가 330이면 중형인가요?,말씀하신 거실길이가 330CM 라면 대형이 적당할 듯하구요 꽃집게는 코디용이며 구성에 미 포함되어 있습니다.
1045,,
1046,재입고는 안 되나요?,문의 주 신 핑크 색상은 입고되어 현재 주문 가능한 것으로 보여집니다 확인하시고 즐거운 쇼핑 하세요.
1047,,
1048,중형 사이즈는 언제 입고 예정인 가요?,문의 주신 로제2 중형 사이즈는 현재 품절이며 11월 중순으로 입고될 예정이라고 합니다.
1049,,
1050,레이스 커튼 따로 사용 가능한 거죠?,따로따로 사용 가능합니다 다른 문의사항 있으시면 언제든지 글을 남겨주시구요.
1051,,
1052,"상품설명 엔 화이트 색상도 있는데, 상품 옵션엔 화이트 색상이 없네요, 품절인가요?",도움을 드리지 못하는 점 양해 바랍니다. 다른 문의사항 있으시면 언제든지 글을 남겨주세요.
1053,,
1054,거실에 겹쳐서 설치하고 싶으면 총 4장이 필요한데 그럼 선택을 2개를 해야 하는 건가요?,문의 주신 상품은 이중 암막 커튼이며 구성에는 암막 커튼 2장 레이스 커튼 2장으로 보여집니다.
1055,,
1056,,
1057,,
1058,,
1059,,
1060,타이백은 안주는 거에요?,현재 로제2 제품은 딜 상품으로 타이백이 구성품에 포함되어 있지 않습니다.
1061,,
1062,침실은 가로 260이구 거실은 가로 360이에요 혹 중형으로 두 군데 번갈아 달 수 있나요?,주름잡히는 걸 예상하시고 선택하시면 좋을 듯합니다. 최소한 중형/대형으로 선택하셔야 합니다.
1063,,
1064,두베이지 색깔톤이 똑같은 건가요?,로제2 커튼과 큐브 패턴 커튼의 암막지는 기본적으로 동일합니다. 색상이나 사이즈가 같다고 보시면 되세요.
1065,,
1066,화이트 언제 입고되나요?,정확한 일정이 아직 없습니다 최대한 빠른 시일 내 입고하도록 노력하겠습니다.
1067,,
1068,가로360세로 235중형으로 해야 하나요 아님 대형으로 할까요?,커튼은 보통 실사이즈보다 넉넉하게 주문하셔야 창문도 여유 있게 가리고 주름이 풍성하게 잡혀 좀 더 보기 좋게 설치됩니다.
1069,,
1070,그린핑크는 언제 입고되나요?,문의하 신 상품의 그린색은 입고 예정이 없구요 조금만 기다려주세요.
1071,,
1072,가로243 세로 182인방 1개와 가로214 세로 231인방 1개 총방 2개에 커튼달려고 하는데 중형 2개 구매하면 되는 건가요?,네.커튼은 주름이 잡혀야 이쁘기 때문에 대형이 적당할 듯합니다.
1073,,
1074,어제 아침 주문했는데요 언제 배송 가능한가요?,건강한 하루 보내세요.
1075,,
1076,방너비가 350MM 데이 사이즈 달아도 되나요?,자연스럽게 주름이 잡히려면 대형으로 선택하시면 좋습니다. 주문 시 봉세트로 구매하시면 봉포함되어 있습니다.
1077,,
1078,,
1079,,
1080,,
1081,,
1082,가로240 인제 중형하면 되나요?,풍성한 주름을 원하시면 큰 사이즈도 좋을 듯합니다.
1083,,
1084,택배 비 무료 교환 맞죠?,익일화이트 색상으로 맞교환 출고하도록 하겠습니다. 교환 건은 확인 후 좋은 상품으로 최대한 빠른 배송 노력하겠습니다.
1085,,
1086,핑크 브라운 주문 안 되나요?,이번 주 목요일쯤 재입고될 예정이니 조금만 기다려주세요.
1087,,
1088,커튼 길이 250CM 로 조절이 되나요?,당사 커튼은 기성 사이즈 커튼으로 250CM 로 제작이 어려운 점 양해 부탁드립니다.
1089,,
1090,,
1091,,
1092,세트 상품 구입할 수 있나요?,세트 상품은 없는 점 양해 부탁드리겠습니다. 문의 해주셔서 감사합니다.
1093,,
1094,베개 커버는 추가로 주문할 수 없나요?,차후 추가적으로 문의사항이 생기시면 상품Q A에 접수해주세요. 문의 해주셔서 감사합니다.
1095,,
1096,전기건조기에 사용해도 될까요?,사용하셔도 괜찮습니다. 저희 제품 찾아주셔서 감사합니다.
1097,,
1098,벽지에 꼭 꼬핀으로 부착 가능할까요?,문의 주신 상품은 꼭 꼬핀보다 커튼봉 및 압축봉을 이용해 커튼으로 사용하시는 제품이며 꼭 꼬핀 이용 시 제품 자체의 무게 때문에 고정이 어려운 점 참고 부탁드립니다.
1099,,
1100,,
1101,,
1102,거실 실측이 460인데 대형하면 좋을까요?,커튼은 일반적으로 설치하실 곳의 사이즈보다 150 - 200CM 넓은 사이즈를 설치하셔야 합니다.
1103,,
1104,그레이는 품절인가요 재입고 예정 있나요?,그레이 상품은 품절 및 단종으로 더 이상 입고 계획이 없어 구매가 어려우 신점 양해 부탁드립니다.
1105,,
1106,,
1107,,
1108,,
1109,,
1110,똑같은 거 아닌가요?,커튼 설치하실 곳의 사이즈를 재보신 후 그보다 200CM 넓은 사이즈의 커튼을 권해드립니다.
1111,,
1112,,
1113,,
1114,롯데 타이백 판매딜에 크리스탈 화이트 타이백만 없던데 어떻게 살 수 있나요?,크리스탈 화이트 타이백 구매 가능하시도록 처리해드렸습니다. 구매 부탁드립니다.
1115,,
1116,,
1117,,
1118,각 사이즈별로 무게 및 부피를 알려주세요. 혹시 직접 해외 배송도 가능한지요?,커튼별로 무게는 정확하게 안내가 좀 어려우나 중형 4 - 5키로 정도 대형은 5 - 6키로 슈퍼 특대형을 7 - 8키로 정도로 예상됩니다.
1119,,
1120,가로270CM /세로 230CM 이면 대형 해당 상품 구매하면 되는 건가요?,커튼은 일반적으로 설치하실 곳의 사이즈보다 가로의 경우 150CM 이상 여유 있게 구매하실 권해드리며 세로는 실측에 맞게 선택하셔야 합니다.
1121,,
1122,특대형 화이트는 구입할 수 없는지?,고객님로망 특대형 화이트는 구매하실 수 있도록 처리해드리겠습니다. 로망의 경우 타이백이 구성에 포함되어 있지 않아 발송이불가한 점 양해 부탁드립니다.
1123,,
1124,가로360이면 특대형으로 주문해야 할까요?,로망 화이트 소량 입고되어 주문 가능하시도록 처리해드리겠습니다.가로가 360CM 이시라면 그보다 150CM 여유 있는 사이즈로 주문하셔야 합니다.
1125,,
1126,커튼봉이 아니라 커튼핀을 꼽아서 걸어도 될까요?,해당 커튼은 봉집 형식으로 핀 없이 봉에 넣어 사용해 주셔야 합니다. 별도 핀이 있다면 핀으로 꽂아서 설치해 주셔도 되지만 핀을 끼울 수 있는 부직포나 고정대가 없어 예쁘지 않을 수 있는 점 참고 부탁드리겠습니다.
1127,,
1128,길이를 163으로 하고 싶은데요 가는 한지요?,변경 불가능한 점 양해 부탁드리겠습니다.
1129,,
1130,화이트 상품 언제 입고될까여?,문의주신 상품 현재 구매 가능하십니다.
1131,,
1132,커튼봉 포함되어 있나요?,문의주신 상품에는 커튼봉 포함된 구성으로 발송되십니다.
1133,,
1134,24평 아파트 거실 사이즈 어떤 걸로 해야 할까요?,커튼은 평수로는 정확한 안내가 어려운 점 양해 부탁드리며 커튼 설치하실 곳의 사이즈 측정 후 그보다 200CM 이상 넓은 사이즈를 권해드립니다.
1135,,
1136,272X 225인데 기준을 커텐봉에 맞춰야 하나요?,커튼봉 기준이 아니라 커튼 사이즈 기준으로 선택하셔야 합니다. 커튼은 조절 브라켓으로 밑으로 설치는 가능하나 위로 올려서 설치는 불가한 점 양해 부탁드립니다.가로가 227CM 이시면 대형 또는 특대형을 권해드립니다.
1137,,
1138,,
1139,,
1140,커튼봉은 따로 구매해야 하나요?,문의주신 상품 구성에 커튼봉은 포함되어 있어 별도 구매하지 않으셔도 함께 발송됩니다.
1141,,
1142,#분산!,#분산!
1143,,
1144,커튼봉은 조절 브라켓 커튼봉주시는 거 맞죠?,문의주신 상품 구성에 포함되어 있는 커튼봉은 조절 브라켓과 함께 발송됩니다.
1145,,
1146,베이지색 언제 입고될까요?,현재 입고 일정이 확인되지 않아 정확한 답변이 어려운 점 양해 부탁드립니다.
1147,,
1148,베이지 타이백 주문별 도로 가능한가요?,타이백은 롯데 타이백으로 검색 후 구매 가능하십니다.
1149,,
1150,베이지 컬러는 언제 재입고되나요?,현재 피아니 제품은 단종 상품으로 현재 판매 중인 색상 외에는 더 이상 입고 계획이 없어 구매가 어려운 점 양해 부탁드립니다.
1151,,
1152,흰색은 언제 입고되나요?,화이트 색상 입고 되어 주문 가능하시도록 처리해드렸습니다.
1153,,
1154,,
1155,,
1156,커튼봉제외하고 구입 가능한가요?,커튼봉제 외 판매는 불가합니다. 구성대로만 구매한 점 양해 부탁드립니다.
1157,,
1158,사이즈 문의합니다.가로 360세로 270이면 사이즈 선택을 어떻게 해야 하나요?,세로 길이가 많이 차이가 나는데요 조절 브라켓을 사용하셔도 차이가 많이 날 것으로 보여집니다.
1159,,
1160,네이비 색상 언제 재입고 예정인 가요?,문의주신 상품 구매 가능하시도록 처리해드리겠습니다.
1161,,
1162,,
1163,,
1164,타고 주파 암막 커튼과 원단이 같나요?,보노암막 커튼은 보니타 암막 커튼과 원단이 동일하며 색상만 다릅니다.
1165,,
1166,세로길이 30CM 만 길이 추가 안 됩니까?,문의 주신 상품은 맞춤 제작이불가한 점 양해 부탁드립니다.
1167,,
1168,,
1169,,
1170,롯데의 모든 커튼은 세로 길이가 230인 가요?,업체 제품 세로 길이는 모두 230CM 로 동일하며 가로 사이즈만 차이가 있습니다.
1171,,
1172,브라운으로 변경 배송해준다고 했는데 왜 그레이가 왔나요?,브라운으로 변경요청해서 브라운으로 출고되셨습니다. 색상이 그레이와 브라운이 큰 차이가 없어 색상을 오인하시는 고객님들이 간혹 있으신 점 양해 부탁드립니다.
1173,,
1174,그레이는 언제 입고되나요?,주문 가능하시도록 처리해드렸습니다. 주문 부탁드립니다.
1175,,
1176,거실 창가로가 450CM 이고 세로가 230CM 인데 커텐을 어떤 사이즈로 주문해야 할까요?,커튼은 일반적으로 설치하실 곳의 사이즈보 200CM 넓은 사이즈를 권해드립니다.
1177,,
1178,,
1179,,
1180,커튼폭은 맞는데 세로 길이가 맞지 않는데 길이는 조정이 가능한가요?,커튼봉은 세로로 8CM 가량 길게만 조절이 가능한 점 양해 부탁드립니다. 또한 고리형으로 제작이불가한 점 또한 양해부탁드립니다.
1181,,
1182,브라운은 언제쯤 재입고되나요?,문의주신 상품은 입고되어 구매 가능하시도록 처리해드렸습니다.
1183,,
1184,혹시 세탁 후에 주름이 많이 생기는 원단인 가요?,세탁 후 다른 원단에 비해 특별히 더 구김이 가는 원단은 아니나 일반적인 세탁 후 구김이나 주름은 발생할 수 있는 점 양해 부탁드리며 세탁 후에는 살짝 스팀다리미로 다림질 후 사용하시길 권해드립니다.
1185,,
1186,세탁 방법 알려주세요 세탁기 사용 가능한가요?,해당 상품은 기본적으로 물세탁을 해주셔야 합니다. 세탁기 물세탁도 가능은 하나 보통 시중에 보급된 세탁기의 용량 한계가 있어 상품 사이즈에 유의하시어 세탁해 주셔야 합니다.
1187,,
1188,,
1189,,
1190,그린 컬러는 언제쯤 구매할 수 잇나요?,문의주신 상품의 그린 색상은 판매하고 있지 않습니다 다른 문의사항은 언제든 글 남겨주시구요.
1191,,
1192,,
1193,,
1194,가로 300 전후 되는 방에 달려고 하는데 너무 클까요?,일반적으로 설치 공간보다 1.5배 정도 넉넉한 사이즈로 선택하셔야 주름을 이쁘게 잡을 수 있습니다.
1195,,
1196,,
1197,,
1198,커튼을 구입하고 설치를 했는데 커튼봉 중앙에 있는 타이백은 없는 상품인가요?,주문하 신상품 구성에는 타이백은 없으며 누락은 아닙니다.
1199,,
1200,가로 398이 고세로 230인데요. 대형으로 사면되는지?,문의주신사이즈는 대형은 작을 것으로 보여집니다. 최송한 특대형 이상 주문하셔야 주름을 이쁘게 잡을 수 있습니다.
1201,,
1202,가로 358세로 248/가로448세로 248은 특대형하고 수퍼 특대형으로 주문해야 하나요?,문의 주 신세로 길이보다 많이 짧은 것으로 보여집니다. 저희 커튼은 중국 공장에서 완제품으로 입고되며 주문 제작/수선이불가능합니다.
1203,,
1204,화이트는 언제 입고될까요?,문의주신 상품화이트 색상은 12월 20일쯤 입고될 예정이라고 합니다. 조금만 더 기다려주세요.
1205,,
1206,,
1207,,
1208,지역이 제주도인데 배송 날짜가 어떻게 될까요?,제주지역이라 확실한 배송 날짜는 알 수 없으나 일반 배송보다 2 - 3일 지연될 수 있는 점은 양해부탁드립니다.
1209,,
1210,,
1211,,
1212,맞게 온 거가요?,주문하신 상품의 타이백은 골드 색상만 출고되는 게 맞습니다 화이트 색상은 택배터미널에서 지연되었던 걸로 보여지며 오늘/내일 중으로 배송될 것으로 보여집니다.
1213,,
1214,타이백 설명에 보여지는 핑크로 오나요?,골드 색상으로 출고되고 있다고 합니다. 다른 문의사항 있으시면 언제든지 글을 남겨주세요.
1215,,
1216,사이즈가 커튼을 쫙폈을 때 사이즈인가요?,만약 맞다면 최소 대형 아님 특대형으로 선택하셔야 합니다. 다른 문의사항 있으시면 언제든지 글을 남겨주세요.
1217,,
1218,특대형과 대형 주문했는데 잘 맞을까요?,작은 창에는 대형은 다소 클 듯합니다.
1219,,
1220,제가 중형 대형 두 개 주문해서 지금 받았는데요 두 개 다 봉세트로 구매했는데 봉은 빼고 보내시면 어떡하나요?,업체에서는 커튼과 봉을 따로 포장하여 출고하였으며 택배사 터미널에서 분류하는 과정에 지연된 것으로 보여집니다.
1221,,
1222,,
1223,,
1224,,
1225,,
1226,,
1227,,
1228,,
1229,,
1230,,
1231,,
1232,,
1233,,
1234,,
1235,,
1236,,
1237,,
1238,,
1239,,
1240,,
1241,,
1242,,
1243,,
1244,,
1245,,
1246,,
1247,,
1248,,
1249,,
1250,,
1251,,
1252,,
1253,,
1254,,
1255,,
1256,,
1257,,
1258,,
1259,,
1260,,
1261,,
1262,,
1263,,
1264,,
1265,,
1266,,
1267,,
1268,,
1269,,
1270,,
1271,,
1272,,
1273,,
1274,,
1275,,
1276,,
1277,,
1278,,
1279,,
1280,,
1281,,
1282,,
1283,,
1284,,
1285,,
1286,,
1287,,
1288,,
1289,,
1290,,
1291,,
1292,,
1293,,
1294,,
1295,,
1296,,
1297,,
1298,,
1299,,
1300,,
1301,,
1302,,
1303,,
1304,,
1305,,
1306,,
1307,,
1308,,
1309,,
1310,,
1311,,
1312,창문 사이즈가 158 정도인데 95로 두 개 달고 손잡이 왼쪽 오른쪽으로 주문해도 될까요?,한창으로도 가능하고 두창으로 도 주 문 제작 가능합니다.
1313,,
1314,양쪽에 하나씩 인 거 맞죠?,총 막대기 3개로 동봉되어 있으며 막대기 내부에 다른 막대기 겹쳐서 포장되는 경우 있습니다.
1315,,
1316,커튼봉쁘리엘르 25MM 하면 되나요?,사용 가능합니다. 다른 궁금하신 점 있으신 경우 재문의 남겨주시면 친절하게 안내해드리겠습니다.
1317,,
1318,속지와 겉지를 일부분 겹쳐서 설치할 수 있는 방법은 없나요?,암막 커튼과 레이스 커튼은 상단에 아일렛 구멍이 있으며 일부분 겹쳐서 커튼봉에 끼우시면 됩니다.
1319,,
1320,화이트 색상을 거실에 설치할 시 베란다 바깥쪽에서 봤을 때 비침이 있나요?,암막 커튼은 화이트 색상이라도 비침은 없으나 속 커튼은 비침이 있습니다.
1321,,
1322,150X 150정 사각 구입할 수 있을까요?,해당 상품 사이즈 선택 시 150x150 주문해 주시면 되세요.
1323,,
1324,,
1325,,
1326,천장에 설치해서 쓸 수 있는 제품인가요?,커텐봉은 설치가 가능한 천정이나 벽에 고정해서 사용이 가능합니다.
1327,,
1328,동일 제품을 예전에 구매해서 설치했는데 브라켓이 깨졌는데 브라켓만 별도 구입할 수 없나요?,커텐봉 브라켓은 별도 구매가 어려운 점 양해 부탁드립니다.
1329,,
1330,창문가로가 160정도 대는 대여 마이드림3중직 145 180 두장 살려 구하거든요 브라켓이랑 고정나사는 몇 개씩 주시나여?,아망떼 앤틱 커튼봉 360 제품으로 사용 가능합니다.
1331,,
1332,브라켓 몇 개주시는 건가요?,브라켓 총 3개로 커튼봉 기준 양쪽 끝 부분과 가운데에 설치해 주시면 됩니다.
1333,,
1334,1200 봉을 2개만 연결해서 쓸 수 있나요?,좀 더 구체적인 문의 부탁드립니다.
1335,,
1336,사진에는 링이랑 핀이랑 브라켓도 있는데 모두 주신 건가요?,문의주신 제품의 구성 및 사이즈에 보시면 커텐봉 1개 라고 적혀 있습니다. 링 핀은 따로 구입하셔야 됩니다.
1337,,
1338,방길이가 240CM 도 설치 가능한가요?,커텐봉은 모두 연결해서 사용이 가능합니다. 240일 경우 사용이 가능할 것 같으나 봉마개 사이즈가 있슴으로 벽과 벽 전체 사이즈가 240일 경우 약간은 클 수도 있을 것 같습니다.
1339,,
1340,"아망떼 커튼과 앤틱 커튼봉, 앤틱커튼링도 같이 주문하려고 하니까 다른 건 묶음 배송되는데 이것만 묶음 배송 안 되고 배송료가 따로 붙네요 왜 그런가요?",커튼봉의 경우 부피 길이 관계로 인해 묶음 배송이 되지 않고 있습니다. 이 부분 양해 말씀드리겠습니다.
1341,,
1342,,
1343,,
1344,눌림 암막 커튼 2장만 따로 구매할 수 있나요?,한스 데코 솔리드라고 검색하시면 사이즈별 색상별 솔리드 구매 가능하시며 눌림 솔리드보다 두께는 조금 얇은 편이지만 비슷한 제품이니 참고하셔서 구매 부탁드리겠습니다.
1345,,
1346,,
1347,,
1348,사용하던 봉을 그냥 사용하려는데 링 지름 규격이 궁금하네요 2.세탁기로 물빨래해도 되나요?,커튼 세탁 시 세탁망을 이용하여 울코스로 단독 세탁해 주시고 물에 오래 담궈놓으면 아일렛이 녹슬거나 탈색의 우려가 있으니 세탁기에서 바로 꺼내 건조하시면 됩니다.
1349,,
1350,BHF 노르딕가든 암막 커튼과 같이 구입하고 싶은데 왜 묶음 배송이 안 되나요?,커튼과 커튼봉을 같이 구입 원하실 경우 커튼봉도 BHF로 검색하셔서 같이 구입하셔야 묶음 배송이 됩니다.
1351,,
1352,커튼봉도 같이 주시나요?,검색창에 BHF 커튼봉 검색하시면 현재 판매 중인 커튼봉 확인 가능하십니다.
1353,,
1354,색상 선택이 왜 안 되죠?,본상품코드에 오류가 있어 즉시 수정하였습니다. 색상 선택 가능합니다.
1355,,
1356,,
1357,,
1358,,
1359,,
1360,,
1361,,
1362,,
1363,,
1364,,
1365,,
1366,,
1367,,
1368,,
1369,,
1370,,
1371,,
1372,,
1373,,
1374,,
1375,,
1376,,
1377,,
1378,,
1379,,
1380,,
1381,,
1382,,
1383,,
1384,,
1385,,
1386,,
1387,,
1388,,
1389,,
1390,,
1391,,
1392,,
1393,,
1394,,
1395,,
1396,,
1397,,
1398,,
1399,,
1400,,
1401,,
1402,,
1403,,
1404,,
1405,,
1406,본 제품 구입하려는데 사이즈적당한지요?,177 창문에 문의주신 상품 1세트로 설치 이용 가능합니다. 커튼봉은 까르데코 커튼봉 검색하시면 상품 확인 가능하시며 창에는 25파이 커튼봉 10자로 선택 부탁드립니다.
1407,,
1408,아이보리 제 입고되나요?,오늘도 즐겁고 편안한 하루 보내세요.
1409,,
1410,지금 받았는데 구김이 너무 많아서요 상세 설명 보니까 다리미 금지 써 있던 데다림질하면 안 되나요?,커튼을 다림질을 하면 구김 없이 사용 가능하십니다. 다리미 온도를 저온 상태로 두고 다림질하시면 주름이 펴지니 참고하시기 바랍니다.
1411,,
1412,상품평 중 커텐이 무겁다는 평이 가끔 있는데 무게가 어느 정도인가요?,1장당 2KG 내외로 봐주시면 될 거 같습니다.
1413,,
1414,커튼봉과 같이 구매 가능한가요?,커튼봉은 검색창에 바자르 앤틱 커튼봉 이라 검색하시면 확인 가능합니다.
1415,,
1416,커튼봉은 별매인가요?,검색창에바자르 커튼봉이라 검색하시면 커튼봉 단 품 판매 상품 확인 가능하십니다.
1417,,
1418,가로290 정도 고세로가 230인데 어떻게 주문하면 좋을까요?,세로 길이 경우는 5CM 차이나는데요. 5CM 정도면은 바닥에 약간 닿을 정도로 큰 차이는 없습니다.가로 사이즈 체크가 우선인데요.
1419,,
1420,베이지는 암막률이 어떤가요?,밝은색의 암막 커튼은 65퍼센트 정도나옵니다.
1421,,
1422,겉비닐에 색상 호수인지 290/235라고 두 개 똑같이 기재되어 있는데 같은 색상이 온 거 아닌가요?,진블루와 블루는 색상에 차이가 있습니다. 다소 모니터 해상도에 따라 다소 차이가 있어 화면과 차이가 있습니다.
1423,,
1424,총 4장인데 2장 2장 연결해서 구매는 불가능한가요?,문의주신 제품은 기성품으로 별도 맞춤되어 판매되는 부분은 아니구요 시즌 상품 생산으로 인해 별도 맞춤은 진행하고 있지 않습니다.
1425,,
1426,이 커튼은 어떤 재질인지?,프린트 상품은 아니세요
1427,,
1428,네 450x230 저희 집 사이즈이고 145짜리 4장이 구성품이 잔아요 그럼 저대로 하면 돼죠?,풍성한 주름으로 커튼을 치고 싶다면 1.5 - 2배 정도 곱한 수의 커튼가로 길이를 추천 드리나 약간 덜 풍성한 주름도 괜찮으시다면 4장으로도 괜찮으실 듯합니다.
1429,,
1430,"아랫글에 추가 문의인데요, 여기서 결제하고 주문 제작 추가 비용만 따로 송금해도 되겠지요?",주문이 들어오면 출고기일 내 출고가 되어야 하기 때문에 맞춤으로는 처리가 어렵습니다.
1431,,
1432,,
1433,,
1434,거실 창사이즈가 가로 380인데 4장 구매하면 되나요?,커튼봉 지름은 2.5CM 를 추천 드립니다 아일렛 안쪽 지름이 3.8CM 여서 이동이 어려우 실 수 있습니다.
1435,,
1436,진그레이 그레이 주문했는데 재고 부족이라 연락 왔는데 재고가 다시 입고되면 알림되는 게 모바일 상 있다는 데 상품 페이지에 있다고 나온다는데 저는 아무리 찾아봐도 없네요 재고 입고 알람 신청 어느 부분에 있나요?,Q A는 업체에서 확인하기 때문에 시스템적인 부분에 대한 안내가 어렵습니다.
1437,,
1438,커튼 세탁은 어떻게 해야 하나요?,세탁기 이용하시는 부분보다는 전문 세탁소 세탁권장 드리구요세탁기 사용 시에는 세탁망 사용을 권장 드립니다.
1439,,
1440,맞춤 제작요청 가능한가요?,현재 당분간은 맞춤 제작이 어렵습니다 빠른 시일 내에 다시 진행할 수 있도록 노력하겠습니다.
1441,,
1442,진그레이+그레이 구매하고 싶은데 오늘 주문하면 보통 언제쯤 배송해 주시나요?,주말 주문건은 월요일 업체에서 확인 후 1 - 2일 내 출고가 되고 있습니다 평균 주문하시고 다음날 1 - 2일 내 출고되고 있습니다.
1443,,
1444,,
1445,,
1446,"진그레이 4장, 그레이 4장 주문하고 싶어요 언제쯤 주문할 수 있나요?",수량 조금 확인되어 구매하실 수 있도록 처리되었습니다
1447,,
1448,,
1449,,
1450,그레이진그레이 주문하면 두 장씩 제작해 보내주실 수 있나요?,문의주신 제품은 연결 제작이 어렵습니다 아일렛 커튼이다보니 아일렛 구멍 때문에 연결이 어렵구요.
1451,,
1452,이사를 가야 해서요 배송이 얼마나 걸리나요?,주문하신 다음날 업체에서 확인 후 1 - 2일 내 출고됩니다 배송 일정은 택배사의 사정에 따라 변동될 수 있습니다.
1453,,
1454,잘못 온 커튼은 제가 반품 신청해야 되나요?,업체에서 현대택배에 회수요청했습니다 따로요청은 안 해주셔도 될 것 같구요회수 후 색상 확인해보겠습니다.
1455,,
1456,네 장이 크게 두 개로 오는 건가요?,문의주신 제품은 4장이 각각 낱장으로 배송됩니다 보통 커튼 닫았을 때도 풍성한 주름 원하시면 설치하시려는 곳의 가로 길이에 1.5 - 2배 추천 드리고 있습니다.
1457,,
1458,,
1459,,
1460,,
1461,,
1462,린넨이면 여름용 인가요?,커튼은 주름을 넣으면서 예쁘게 사용하시려면 설치할 곳의 1.5배 정도 권해드립니다.
1463,,
1464,아직도 배송 준비 중인데 언제 배송되나요?,주문해주신 다음날 업체에 주문 확인이 되며 확인 후 1 - 2일 내 출고되고 있습니다.
1465,,
1466,바자르 여기 커튼 하구 같이 샀어요 크기가 맞을까요?,커튼과 상관없이 설치하실 곳 사이즈 확인 후 구매해주세요 보통 2장 구성 구매하실 경우 해당 제품 많이 구매해 주시구요.
1467,,
1468,솜포함되나요?,솜은 별도 구매하여 주시길 바랍니다.
1469,,
1470,커버를 여유분으로 사고 싶은데 가능한가요?,솜 포함 제품으로만 판매되는 제품이여서 커버만 별도 구매는 어렵습니다.
1471,,
1472,,
1473,,
1474,같이 코디되었던 가든봉봉은 안 보이던데요. 없는 건가요?,검색창에 아망떼웨이브 커튼봉으로 검색하시면 구매 가능합니다.
1475,,
1476,,
1477,,
1478,폭스를 사고 싶은데 재입고 언제쯤 가능할까요?,저희 원단 진행 중이라 아직 정확한 일정 확인이 어려운 점 양해 부탁드립니다.
1479,,
1480,왠만한 코튼 봉 굵기에는 다 맞나요?,해당 제품엔 봉 지름 3CM 정도까지 사용하실 수 있습니다.
1481,,
1482,#분산!,#분산!
1483,,
1484,쇼킹스타 창문 커텐 2장 세트 이 제품 구입하면 될까요?,설치하시고자 하는 창의 사이즈가 100 - 180CM N 사이이면 설치 가능하세요.
1485,,
1486,플로이 순면 발매트 언제 입고되나 여?,10월 중후반 재입고될 예정이니 참고 부탁드리겠습니다. 다른 궁금하신 점 있으신 경우 재문의 남겨주시면 친절하게 안내해드리겠습니다.
1487,,
1488,언제 배송이 되는 건가요?,당일 정상적으로 출고되었습니다.
1489,,
1490,,
1491,,
1492,,
1493,,
1494,핀이 아니구 봉으로 사용 가능할까요?,아일렛형은 취급하지 않습니다.
1495,,
1496,4월 26일에 상품 주문했습니다 배송 언제 받을 수 있는지요?,상품 5월 4일 출고되었습니다.
1497,,
1498,가로는 수량으로 입력하면 되고 세로는 메모남기면 되나요?,커튼의 경우 가로길이는 수량으로 입력해 주시고 세로 길이는 메모 남겨주시는 거 맞습니다.
1499,,
1500,주문했는데 커튼봉과 고리도 함께 오나요?,필요에 따라 한샘  커튼 레일 또는 한샘  커튼봉과 커튼링을 검색하시어 추가 구매 부탁드립니다.
1501,,
1502,화이트 특대 언제 입고되나요?,재입고 알림 서비스 신청을 권해드립니다. 덥고 지치기 쉬운 날씨에 시원하고 상쾌한 일들만 가득하세요.
1503,,
1504,화이트 언제 재입고될까요?,문의 주신 특대형 화이트 색상 입고 되어 판매가 다시 진행될 예정으로 참고 부탁드립니다.
1505,,
1506,배송은 일주일 걸리는 건가요?,즐거운 하루 되세요.
1507,,
1508,방금 8번 특대형 세트베이지 주문했는데요 여기엔 배송 예정일이 일주일 뒤인 12일로 뜨더라구요 주말에 설치하고픈 데 빠른 배송 가능할까요?,주문건 확인하여 좋은 상품 보내드리도록 노력하겠습니다.
1509,,
1510,33평 거실 설치 가능한가요?,저희 삼품에 관심 가져주셔서 감사합니다. 죄송하지만 저희가 회사 이전으로 인해 빠른 출고가 어려운 점 양해 부탁드립니다.
1511,,
1512,여자 혼자 설치하기 쉬운가요?,설명서보시면 설치 가능하십니다.
1513,,
1514,커튼을 2장 같이 거는 간 가요?,문의 주신 상품은 레이스 커튼과 암막 커튼이 분리되며 암막 커튼과 레이스 커튼은 겹쳐서 한 개에 봉에 쭉 끼워서 설치하시면 됩니다.
1515,,
1516,목요일 송인데 빠른 배송 안 되나요?,당일은 출고 마감되어 익일 출고됩니다. 주문 건 확인 후 좋은 상품으로 최대한 빠른 배송 노력하겠습니다.
1517,,
1518,슈퍼 특대로 구매하고 싶었는데 암마?아도 없어서 특대로 일단 주문했어요 사이즈 확인하고 교환되는 거죠?,슈퍼 특대형 사이즈는 없습니다. 도움 드리지 못하는 점 양해 바랍니다.
1519,,
1520,화이트 색상 입고 언제쯤 되나요?,문의 주 신화이트 색상 지금 확인하시면 주문 가능할 것으로 보여집니다. 확인하시고 즐거운 쇼핑 하세요.
1521,,
1522,,
1523,,
1524,#분산!,#분산!
1525,,
1526,대형/특대형 중 어떤 게 나을까요?,문의 주신 상품은 대형으로 주문하셔도 좋을 거 같으며 현재 판매 중 판매 중으로 보여집니다.
1527,,
1528,베이지 특대형 봉세트 언제 재입고되나요?,특대형 베이지는 현재 재입고되어 판매 중에 있습니다 구입 가능합니다.
1529,,
1530,대형으로 주문해야 하나요 특대형으로 해야 하나요?,설치될 곳의 너비가 342CM 라면 대형이 적절할 듯하네 여 다른 문의사항은 언제든 글 남겨주시구요.
1531,,
1532,구매하면 사이즈가 가능한지요?,그래도 괜찮으시면 특대형 가로 : 275x2장 총 550CM 로 선택하시면 될 것으로 보여집니다.
1533,,
1534,베이지는 언제 입고되나요?,문의주신 베이지 색상은 현재 품절이며 다음 주 중으로 입고될 예정이라고 합니다.
1535,,
1536,가로 390세로 220거실에 설치하려는데 특대형 하면 주름이 쁘게 잡히나요?,중국 공장에서 완제품으로 입고되어 주문 제작/수선이 안 돼고 있습니다. 세로 길이가 길어도 괜찮으시면 대형/특대형 중에서 선택하시면 좋을 듯합니다.
1537,,
1538,그레이 색상 입고됐나요?,문의 주신 그레이 색상은 입고될 예정은 있으나 정확한 일정이 안 잡혔습니다.
1539,,
1540,솔리드 암막 커튼은 275X 235/1장입니까?,이 사이즈는 주름 없이 쫙폈을 때가로 길이이며 봉세트로 구입 시 브라켓이 포함됩니다.
1541,,
1542,그레이 품절이에요 재입고될까요?,오늘 다시 추가 입고 되어 구매 가능하십니다.
1543,,
1544,,
1545,,
1546,그레이 색상 재입고되나요?,재입고 일정이 없습니다.
1547,,
1548,크림 아이보리 재입고 안되나요?,문의하 신상품 현재 입고 예정이 없습니다.
1549,,
1550,집 창문은 가로 170세로 130인데 판매하시는 제품은 가로 130세로 170이네요 어찌해야 하나요?,문의하 신상품 2장 끼워서 사용하시길 권장 드립니다.
1551,,
1552,네이비 색상은 입고가 언제 되나요?,재입고 되었으나 전산 처리가 안 되었던 부분 같습니다. 구매하실 수 있도록 오늘 중으로 전산요청하도록 하겠습니다.
1553,,
1554,가로275세로 210이며 중형 대형 중 어떤 사이즈 주문해야 하나요?,커튼은 설치할 곳에 1.5배 정도로 생각하셔서 구매해 주시면 되는데 중형은 180CM 35 40 2 장 35 41 대형 225CM 35 40 2 장 35 41 특대형 270CM 35 40 2 장 35 41 슈퍼특대형 315CM 35 40 2 장 35 41 로 세로기장은 235CM 동일합니다.
1555,,
1556,핑크색은 재입고 안 되나요?,조금만 기다려주세요 오늘 내로 처리하도록 하겠습니다.
1557,,
1558,몇 시까지 주문하면 당일 배송인가요?,당일 주문/입금 시 익일 출고됩니다. 확인하시고 즐거운 쇼핑 하세요.
1559,,
1560,방 높이가 240인데 커튼 높이가 235라서 5CM 짧아서 조절 브라켓을 추가 구매하려고 합니다. 조절 브라켓을 아무거나 구입해도 커튼봉이 다 맞나요?,참고 하셔서 브라켓 구매하시기 바랍니다. 다른 문의사항은 언제든 글 남겨주시구요.
1561,,
1562,아이보리 240기장 언제 재입고되나요?,정확한 일정은 현재 확인이 어려운 점 다시 한번 양해부탁드리겠습니다.
1563,,
1564,3장 사면 2장으로 가로 150CM 씩 두장되게 해주시는 거조?,문의주신 작은 창 커튼은 낱장으로만 구매 가능하며 세트로 판매되는 제품이 아니기 때문에 양문형 설치 시 2장 구매해 주셔야 합니다.
1565,,
1566,,
1567,,
1568,창문가로 사이즈가 243이 나와요. 이 제품처럼 연결해서 쓰는 레일도 안 뚫어 고리에 달 수 있나요?,자사 제품 레일은 못을 뚫어 사용하는 레일로 정확한 안내가 어려워 구매하시려는 판매처에 문의 부탁드리겠습니다.
1569,,
1570,,
1571,,
1572,봉은 전에 사용하든 거 있어요주문을 어떻해.해야 됨니까?,가로 360 기준 레일로 설치 시 안내해드리겠습니다 커튼 구매 수량 3개 세로길이는 배송 메세지에 기재해 주셔야 하며 부자재는 가로실 측에 맞게 별도 장바구니에 함께 담아 구매해 주셔야 합니다.
1573,,
1574,새로 기장 추가 되나요?,주문해 주실 때 배송 메세지에 기재해 주시면세로 길이도 맞춤 제작 가능하오니가로 사이즈에 맞게 수량 선택 후요청 길이나 문의글을 배송 메세지에 남겨주시고 주문해 주시길 부탁드리겠습니다.
1575,,
1576,주문가로 135 3개세로 237주문하면 되나요?,290CM 기준으로 3폭 주문해 주시면 자연스럽게 주름 연출 가능하며 1.5폭씩 양쪽 2장으로 제작됩니다.
1577,,
1578,1.커튼 길이 250은 안 되나요?,문의주신 제품은 맞춤 제작 커튼으로 가로실 측에 맞게 커튼 수량으로 구매해 주셔야 합니다.
1579,,
1580,암막세트 상품이 걸로 설치해도 되나요?,아일렛으로는 제작이 어렵기 때문에 커튼링을 별도로 구매해 주시고 핀 형 식 커튼을 커튼링에 꽂아서 설치해 주셔야 합니다.
1581,,
1582,평식으로 변경 가능한가요?,주문해 주실 때 배송 메세지에 형식평식으로 변경 메모를 남겨주시면 형식변경이 가능하오니 꼭 배송 메세지에 기재 후 주문해 주시길 부탁드리겠습니다.
1583,,
1584,제작 시 커텐봉을 집어넣을 수 있는 구멍 만들어주는 거죠?,현재 구매해주신 커튼은 별도의요청사항이 없을 경우 기본핀 형식으로 접수됩니다.
1585,,
1586,세로 사이즈가 230인데 3을 해서 227로 하는 게 맞는 건가요?,천장에서부터 바닥까지 실측에서 부자재 레일로 설치할 경우 3CM 해주셔서 배송 메세지에 기재해 주시면 맞춤 제작으로 바닥에 끌리지 않도록 접수 가능합니다.
1587,,
1588,가로230CMX 세로 108CM 창문에 봉집형으로 주문하려면 어떤 식으로 주문해야 하나요?,배송 메세지에 봉집으로 제작요청 메모를 남겨주셔야 맞춤 제작이 가능합니다.
1589,,
1590,가로270세로 230이면 몇 장 주문해야 이쁠까요?,가로 270CM 기준으로 3폭은 주문해 주셔야 주름 연출 가능하며 1.5폭씩 양쪽 2장으로 제작됩니다.
1591,,
1592,커튼 형식이 평식이 아니라 봉집으로 주문하고 싶으면 어떻게 하면 되나요?,봉집으로 형식변경을 원하실 경우 배송 메세지에 기재 후 주문해 주시면 됩니다.
1593,,
1594,280 두 개인가요 아님 한 개인 건지요?,속 커튼 2장 암막 커튼 2장 세트인 점 참고 부탁드리겠습니다.
1595,,
1596,가로 130세로 230/2장 주 문 제작하구 싶은데 가능할까여?,따라서 커튼실가로 길이를 130CM 로요청해주실 경우 배송 메세지에 기재해 주시고 수량 2폭 구매해주셔야 합니다.
1597,,
1598,사이즈 변경 없 구입해 도 발송이 오래 걸리나요?,기본으로 주문해 주셔도 맞춤 제작 커튼으로 제작기간이 소요됩니다.만약 핀 형식 커튼에서 봉집으로 변경을 원하실 경우요청사항이나 원하시는 사이즈를 배송 메세지에 기재 후 주문해 주시면 별도로 해피콜드려 맞춤 제작이 가능하며 배송 메세지에 기재가 안 되어 있을 경우 해피콜 없이 기본 사이즈로 제작되오니 이 점 꼭 참고 부탁드리겠습니다.
1599,,
1600,,
1601,,
1602,이렇게 말씀드리는 게 맞을까요?,배송 메세지에 기재되어 있어 오늘 오후 중으로 해피콜드려 상담 후 제작 접수 가능합니다.
1603,,
1604,수량 3개 주문했는데 반으로 나눠서 210CM 두장이 오는 거 맞죠?,3폭 주문 시 1.5폭씩 양쪽 2장으로 제작되며 세로길이는 기본 230CM 로 제작됩니다.
1605,,
1606,수량 7개 주문하면 2장으로 제작되나요?,450CM 기준으로 7폭 주문해 주시면 3.5폭씩 양쪽 2장으로 제작됩니다.
1607,,
1608,,
1609,,
1610,4개 주문했는데 그럼 2폭씩 2장이 오는 것 맞죠?,베이비 샤크 자수 화이트 속 커튼 총 수량 4폭 구매하신 점확인됩니다.요청대로 4폭의 커튼을 반으로 나누어 2장으로 제작하겠습니다.
1611,,
1612,레일 8자짜리와 프렌치 자수 워싱커튼 2장 선택하면 되는 건가요?,레일 8자 1개 구매해주시면 됩니다. 부자재는 별도이며 핀은 꽂아서 보내드립니다.
1613,,
1614,가로를 300에 맞춰 서 달려면 3폭을 주문해야겠죠?,수량 5개 주문 시 양쪽으로 설치할 수 있게 2장으로 제작이 됩니다.
1615,,
1616,각 장이 이음새 없이 한 폭인가요?,연폭선이 발생이 됩니다.
1617,,
1618,한 장 선탁할 경우에 그레이 색 기준으로 좌우 선택하는 건가요?,네 가능합니다 주문 시 배송 메세지란에 제작요청하는 세로 실측과 좌우 색상 선택해주시며 됩니다.
1619,,
1620,가로 130인데 3장으로 주문하면 97CM 로 2개 해주시는 건가요?,문의 주신 가로 사이즈 130CM 일 경우 수량 2개 여유 있게 할 경우 수량 3개가 필요합니다.
1621,,
1622,아래 문의한 사람인데요각각 3개 / 4개 주문하려면 커튼링은 몇 개 주문해야 하나요?,수량 3개일 경우 핀수는 35 - 37개가 필요하면 수량 4개일 경우 핀수는 47 - 49개가 필요합니다.
1623,,
1624,,
1625,,
1626,봉으로는 설치가 안 되나요?,봉집 형태로는 불가능합니다. 평식 핀스타일기 때문에 레일 또는 봉+링 설치가 가능합니다.
1627,,
1628,,
1629,,
1630,현관 커튼으로 사용하려고 하는데 110X 230사이즈로 판매하는 화이트 압축봉에 사용할 수 있는지?,팔토시처럼 봉만 끼워서 사용하는 봉집 형태로 변경이 가능합니다. 주문 시 배송 메세지란에 세로 제작요청하는 사이즈와 봉집 형태로 제작요청하는 내용 기재를 해주셔야 합니다.
1631,,
1632,커튼 레일을 천정에 다나요?,문의주신 상품은 맞춤 제작이불가능합니다.
1633,,
1634,봉에 설치할 건데 커튼링을 몇 개 구매해야 할까요?,1개 8개 핀이 꽂아서 보내드립니다.
1635,,
1636,어떻게 주문해야 하나요?,문의주신 제품은 속 커튼 겉 커튼으로 설치하는 2중 커튼 스타일이며 속 커튼으로 암막을 주름 없이 설치하고 겉커튼으로는 풍성한 2배 주름이 잡힌 시폰 2장 암막 커튼 2장으로 제작됩니다.
1637,,
1638,배송 메모에 세로 사이즈 240CM 제작/봉집형 기재했는데 정상 반영되어 접수되었나요?,주문 시 배송 메세지란에 제작요청하시느 사이즈 봉집 형태로 변경 내용 기재가 될 경우에는 반영이 되며 기재가 없을 경우에는 해피콜도 진행이 되지 않으며 기본 사이즈 기본 형식으로 제작이 들어갑니다.
1639,,
1640,봉집형으로 주문하려고요. 제가 직접 전화를 드려야 하나요?,수량 2개 주문해 주셨습니다. 주름분이 없기 때문에 주름분계 산하여 수량 선택을 해주셔야 하는 점 참고 부탁드려요 부자재는 별도이며 커튼봉집 형태로요청해주셨습니다.
1641,,
1642,,
1643,,
1644,"일반 레일 설치되어 있으며, 세로 길이 얼마 빼면 되나요?",부자재 레일로 설치 시는 3CM 빼주시면 됩니다 타부자재 사용하실 경우 타부자재 구매하신 판매처로 몇 CM 감안하셔야 하는지 확인해주시면 됩니다.
1645,,
1646,254X 230CM 커튼이 2장 발송된다는 거죠?,254x230/4폭용 양쪽으로 2장이 제작이 됩니다.
1647,,
1648,,
1649,,
1650,거실가로 사이즈 460 그리고 실제 색상 화면과 같은가요?,실루엣 정도는 보일 수잇는 점 양해 부탁드립니다. 문의주신 가로 사이즈 460CM 일 경우 수량 5개 주문 부탁드립니다.
1651,,
1652,아직 안 보내신 거죠?,송장이 잘못 등록된 것으로 보여 배송 완료로 보이는 것 같습니다 커튼은 맞춤 제작 상품으로 제작기간만평일 기준 12일 소요됩니다.
1653,,
1654,380x250이면 몇 장 주문해야 하나요?,문의주신 제품 주름여분이 필요하여 가로 380 기준수량 5개 정도 하시면 적당한 주름으로 연출됩니다.
1655,,
1656,똑같은 제품인 거죠?,검색란에 데코부레일 검색해 주시면 됩니다.
1657,,
1658,상품세 개 중 두 개만 도착했는데 이 제품이나중에 배송되는 건가요?,주문한 커튼은 제작상품으로 제작기간은 평일 기준 12일 소요가 됩니다 제작 중이며 다른 상품 출고가 되면서 같이 송장이 등록이 된 것 같습니다.
1659,,
1660,,
1661,,
1662,,
1663,,
1664,가로 434 세로 236 정도 나오는데 주문을 어찌하면 될까요?,맞춤 제작상품으로 추천 드립니다. 이중으로 설치시 이중 레일 또는 한 줄은 봉+링 또는 한 줄은 레일 설치를 추천 드립니다.
1665,,
1666,,
1667,,
1668,ㄴ아들 방에 하려고 하는데 가로가 270이에요길이는 맞는 걱 같은데 그럼 여기는 70센치 하나 당 30000이라는 거에요?,두께감은 어느 정도 느껴지며 면 커튼보다는 암막 커튼이 두께감이 느껴집니다.
1669,,
1670,가로 450인데 8자 레일 두 개 주문하면 되나요?,롤러는 추가 구매 없이 설치 가능하오니 확인해주시기 바랍니다. 세로사이즈의 경우 실측 높이에서 설치하고자 하는 부자재 높이만큼 마이너스해 주시면 됩니다.
1671,,
1672,배송지 변경되어 있나요?,주소 변경 진행이 되어 있습니다.
1673,,
1674,1.5배 주름으로 신청하려면 몇 개 주문해야 할까요?,문의주신 제품은 주름여분이 필요한 커튼으로 수량 3개 구매 시 적당한 주름으로 연출됩니다.
1675,,
1676,대형세로 240사이즈 입고 언제 되나요?,금일 오후 이후에 확인시 구매 가능합니다.
1677,,
1678,1 폭으로 3장 주문해도 두 장으로 오나요?,해당 제품 주름여분이 필요해 게시판 새 글로 사이즈 확인 후 재견적 안내드리겠습니다.
1679,,
1680,봉집 형태로 140X 230CM 사이즈로 두장했을 경우 무게가 얼마 정도 될까요?,한 장당대략 500G 으로 2장시 1KG 정도로 확인됩니다.
1681,,
1682,커튼은 출고 예정일이 언제인가요?,커튼은 맞춤 제작 상품으로 제작기간만평일 기준 12일 소요됩니다. 제작되는 대로 바로 출고 진행하고 있으며 수작업으로 작업하다보니 제작기간 소요되는 점 양해 부탁드립니다.
1683,,
1684,2 폭주문 시세로 길이 250으로 하면 추가요금 얼마나 될까요?,문의주신 제품은 2폭 세트이며 세로 길이 250요청 시한폭당3 900원 발생합니다.
1685,,
1686,4폭이라고 되어 있는데 두 장 발송이라는 게 이해가 잘 안 됩니다 주문하게 되면 총 몇 장이 오는 건가요?,문의주신 제품은 4폭의 커튼이 2폭씩 2장으로 구매가 가능합니다. 디자인 특성상의 문제로 1폭씩 4장 제작은 불가한 점확인 바랍니다.
1687,,
1688,봉집 형태인 경우 압축봉 두께는 몇 미리 짜리로 구매하면 될까요?,봉집으로 제작요청 시 8CM 정도의 사이즈로 제작됩니다. 2.5CM 정도의 두께 커튼봉이면 사용 가능하오니 확인 바랍니다.
1689,,
1690,,
1691,,
1692,13일 주문건인데요 압축봉이랑 커튼 혹시 언제 받아볼 수 있을까요?,커튼은 제작기간 평일 기준 12일 소요되어 제작되는 대로 출고 중에 있습니다.
1693,,
1694,총 다섯 폭 주문하였습니다 한쪽 당 커튼핀이 몇 개가 꼽혀오는지 알 수 있을까요?,호텔식 화이트 시몬 커튼 5개 구매 시 커튼핀 36개 정도 꽂아 발송됩니다.
1695,,
1696,세로길이 245 제작 신청했는데 244로 수정 가능할까요?,변경 가능하여 세로길이 244로 1폭씩 2장 제작하겠습니다.
1697,,
1698,오늘 주문하고 결제했는데 세로 길이가 좀 짧은 거 같은데 세로 길이 250센티 길이로 조정 가능한가요?,문의주신 제품은 세로 길이 250으로 제작 가능합니다. 오늘 주문 건 내일 주문서 등록되오니 취소 후 수량 확인하시어 재구매해주시기 바랍니다.
1699,,
1700,커튼봉고리는 따로 구매해야나요?,확인 후 구매해 주시기 바랍니다.
1701,,
1702,4장 하면 커튼링 몇개 필요할까요?,4개 구매 시 커튼핀 28개 소요되어 커튼링 30개 구매해주시기 바랍니다.
1703,,
1704,커튼 세로 길이 몇으로 주문하면 되나요?,세로사이즈 240까지는 추가금 없이 변경 가능하며 길이 변경을 원하실 경우 배송 메세지란에 기재해 주시기 바랍니다.
1705,,
1706,195X 230재입고 언제쯤 될까요?,재입고 예정이 오나 입고 일은 정확하게 안 내드리기 어렵습니다 도움을 드리기 어려운 점 양해 부탁드립니다.
1707,,
1708,커튼 2장을 만들려면 몇 폭을 주문해야 할까요?,5개 구매 시 풍성한 주름으로 연출되오니 확인 바랍니다.
1709,,
1710,특대형 커튼을 주문할려고 하는데 레일을 어떻게 주문해야 되나요?,이중 레일 8자 2개 일자 레일 8자 4개 모두 구매 가능합니다. 확인 후 구매해 주시기 바랍니다.
1711,,
1712,상세 설명에 나비 모양자수 속 커튼은 어떻게 주문하나요?,단품으로 주문하시는 경우에만 세로사이즈 변경 가능하며 세로 사이즈 변경 원하시는 경우 배송 메세란에 사이즈 기재부탁드립니다.
1713,,
1714,,
1715,,
1716,390X 220실 측 사이즈에요 대형으로 사면 딱 맞게 맞을까요?,배송 완료 시점은 택배사 사정에 따라 달라질 수 있어 정확한 안내 어렵습니다.
1717,,
1718,가로가 총 400인데 이 제품 괜찮을까요?,또한 세로는 230 240 두 가지 중 선택하시어 구매하는 제품이며 맞춤 제작 불가합니다.
1719,,
1720,오늘 주문했는데 배송 알이 18일이네요 14일 안에 배송 안 될까요?,배송 완료 시점은 택배사 사정에 따라 달라질 수 있어 확답드리기 어렵습니다.
1721,,
1722,,
1723,,
1724,,
1725,,
1726,주문 제작하려면 어떻게 해야 하나요?,문의주신 제품은 나비주름이 잡혀 있는 제품으로 가로 417 기준으로는 주름여분 없이 7개 구매해 주시면 됩니다.
1727,,
1728,커튼 처음 설치해보는 데 커튼봉?도 따로 구매해야 하나요?,커튼봉 레일 링 등 부자재는 모두 별도 구매해 주셔야 합니다. 화이트 암막 커튼과 눈꽃은 보통 이중으로 설치를 많이 합니다.
1729,,
1730,레일은 8자 2개 구매하면 될까요?,혹 이중 커튼 설치 시에는 레일 8자 크기로 4개 구매하시면 됩니다. 세로 사이즈의 경우 실측 높이에서 설치하고자 하는 부자재 높이만큼 마이너스해 주시면 됩니다.
1731,,
1732,,
1733,,
1734,커튼을 10일에 주문했는데 아직 해피콜을 못 받았어요 언제 전화주시는 건가요?,제작기간 평일 기준 최대 10일 12일 소요 주말까지 포함하여 최대 2주 반 정도 소요됩니다.
1735,,
1736,끌리는 거 싫어서 240으로요 제품 르로 주문하려고 하는데 레일은 몇 자를 구매해야 하나요?,실측 사이즈 : 가로 360 세로 245자 사 제품 레일 : 8자 레일 2개 추천 문의주신 제품 기성제품으로 사이즈 변경 불가한 제품이며 커튼두 장총 가로길이 390으로 설치 가능합니다.
1737,,
1738,가로 380이면 대형 195/2 장기본사이즈만 주문하면 되는 건가요?,문의주신 제품 나비주름이 잡혀 있는 제품으로 대형으로 주문시 설치 가능하며 세로 사이즈 확인하시어 주문 부탁드립니다.
1739,,
1740,주문 후 제작이라 시간이 오래 걸린다고 되어 있긴 하지만 혹시 올해 안에 배송은 안 될까요?,12월 16일 주문 주 신 커튼 제작기간은 평일 기준 최대 10일 12일 소요 주말까지 포함하여 최대 2주 반 정도 소요됩니다.
1741,,
1742,커튼은 처음이라 잘 몰라서 그러는데 커튼이 평식이면 1배 주름인 가요?,문의 주신 평식이란 커튼의 윗 상단 형식을 표현하는 것으로 평식인 경우 커튼 핀으로 설치되는 점 참고 부탁드립니다.
1743,,
1744,혹시 아일렛형 커튼은 어떻게 주문하면 될까요?,데코뷰입닌다.
1745,,
1746,베란다 콘크리트 벽에도 압축 가능한가요?,벽과 벽 사이사이즈 확인하셔서 주문 부탁드립니다.
1747,,
1748,,
1749,,
1750,같이 주문한 커튼 레일만 배송되고 커튼은 아직 제작 중인 것 같은데 둘 다 배송 완료 떴어요. 정상 진행 중인 거 맞죠?,커튼 제작 기간으로 인해 기성제품 먼저 출고 진행되었으며 커튼은 제작 중으로 확인됩니다.
1751,,
1752,1.거실이 480x234인데 2.커튼 수와 레일수를 어케 주문해야 하는지요?,3일 배송 호텔식 화이트 쉬폰 커튼이 아닌 호텔식 화이트 쉬폰 커튼으로 주문 시 맞춤 제작 가능하며 수량 8개 주문 부탁드립니다.
1753,,
1754,3일 배송이라고 써 있는데 왜 케배송은 느린 가요?,주문서가 다음 영업일에 등록이 되어 영업일 기준 3일 이내로 출고되는 제품인 점 참고 부탁드리며 주말이 끼어 있어 조금 더 길어진 점 양해 부탁드립니다.
1755,,
1756,중형 구매했는데 커튼링크기는 어떤 걸로 구매해야 하나요 가로 몇 센치?,문의 주 신 커튼링 크기는 커튼봉사이즈에 맞는 것으로 구매 부탁드립니다.
1757,,
1758,#분산!,#분산!
1759,,
1760,천장에서 바닥까지 가 딱 230이예요 좀 끌릴 것 같은데 고리 달아주실 때 좀 밑으로 해서 달아주 심 안 될까요?,주문하신 제품 기성제품으로 만들어져 있는 제품 출고되는 것으로요청하신 핀 조정은 불가한 점 양해 부탁드립니다.
1761,,
1762,이 제품을 커튼봉으로 사용할려 구하느데요 모던 스타일 커튼봉으로 사용해도 될까요?,자사 제품 모던 스타일 커튼봉지름 2.5CM 로 문의주신 제품 봉집에 설치 가능한 것으로 확인됩니다.
1763,,
1764,가로 140에 세로 230인데 저는 완전히 반대 사이즈가 필요해서요 한 장 구매를 하되 가로세로 반대로 주문 가능할까요?,문의주신 제품 가로세로 반대로는 주문 불가하며 맞춤 제작 가능한 상품으로 실측 사이즈가로 210 세로 110인 경우 수량 2개 주문 세로 길이 배송 메세지란에 메모 남겨주시면 다음 영업일에 해피콜드려 상담 후 주문 제작 접수도와 드리겠습니다.
1765,,
1766,몇 개 주문하는 거죠?,문의주신 제품 한 폭에 가로65 세로 230인 제품으로 가로실 측 470인 곳에 7장 설치 시 양쪽으로 대략 7 - 8CM 정도 모자라게 됩니다.
1767,,
1768,,
1769,,
1770,"사진상 오른쪽 제품이 필요한데, 한폭만 구매 시 선택이 가능한가요?",문의주신 제품 주문하신 후 배송 메세지란에 레이스 위치를 메모해 주시면 다음 영업일에 해피콜드려 상담 후 제작 접수도와 드리겠습니다.
1771,,
1772,커튼 길이 231 가능할까요?,주문 주 신제품 맞춤 제작 가능 상품이라 사이즈 변경 가능한 점 참고 부탁드리며 배송 메세지란에 메모 남겨주셨으면 다음 영업일에 해피콜드려 상담 후 제작 접수도와 드리고 있습니다.만약 배송 메세지란에 메모를 잊으셨다면 다시 한 번 새 글로 남겨주시면 사이즈 변경도와 드리겠습니다.
1773,,
1774,,
1775,,
1776,높이 220사이즈로 제작하면 되나요?,실측 : 가로 324 세로 226인 경우 가로 주문수량 : 1.5배 주름 기준 시 4폭 추천 드리며 5폭 주문 시 더욱 풍성한 주름으로 연출 가능하십니다.
1777,,
1778,오늘 주문했는데 8월 9일 배송 예정일이라고 뜨는 데 맞나요?,아직 주문서 접수 전이라 정확한 주문 내역 확인되고 있지 않아 답변이 조금 어려운 점 양해 부탁드립니다.
1779,,
1780,,
1781,,
1782,거실 작은 창에 같은 분위기로 화이트 커튼달고 싶어요. 같은 재질의 커튼 있을까요?,이중 커튼으로 원하시면 같은 제품으로 추천 드리며 암막 만 원하시는 경우 화이트 암막 커튼으로 추천 드립니다.
1783,,
1784,,
1785,,
1786,거실 창가로 사이즈가 440이면 어떻게 주문해야 할까요?,빠른 커튼이 아닌 기본 제작되는 커튼으로 총 7폭 수량을 구매하셔야 합니다.
1787,,
1788,커튼 2장셋트 가격인가요 아님 1장 가격인가요?,수량 1개 당 가로 142인 한폭당 가격이며 화면처럼 양쪽으로 사용을 원하시는 경우 수량은 2개 이상 주문해 주셔야 합니다.
1789,,
1790,,
1791,,
1792,커튼할 곳의 가로실이가 300CM 인데 이 제품 대형하면 너무 큰가요?,문의 주신 상품은 가로길이가 390CM 이며 가로 300CM 기준으로는 너무 주름이 많이 질 것으로 예상이 됩니다.
1793,,
1794,방금 주문했는데 세로를 170으로 변경 가능할까요?,창문 커튼의 경우 세로사이즈 변경이불가능합니다. 이 점 양해 부탁드리겠습니다.
1795,,
1796,레일로 주문 시 천정에 석고보드에 설치하는 건가요?,자사 제품 레일로 구매 시 나무/합판용이기 때문에 석고보드용 나사는 부자재 전문점에서 따로 구매해 주셔야 합니다.
1797,,
1798,5/22 도착이라는 데 정말인가요?,5/22일 도착은 시스템상에서 임의로 지정된 최대 출고 일자이며 고객님께서 주문하신 상품은 모두 기성상품이기 때문에 2 - 3일 이내로 출고가 됩니다.
1799,,
1800,,
1801,,
1802,5개 주문하면 보기 좋게 될까요?,문의 주신 호텔식 시몬 화이트 커튼은 이미 풍성한 나비주름이 잡혀 있는 커튼으로 별도의 주름 계산 필요 없이 커튼 설치할 곳의 가로 길이에 맞게 주문하시면 됩니다.가로 길이 320CM 기준으로 5폭 주문하시면 2.5폭씩 두 장으로 제작이 됩니다.
1803,,
1804,레일OR 봉포함이지요?,현재 고객님의 주문 정보가 확인되지 않습니다. 주문하신 후에 재문의 부탁드리겠습니다.
1805,,
1806,,
1807,,
1808,,
1809,,
1810,중형 사이즈하면 되나요?,가로 실측 200일 경우 중형 주문하시면 되고 세로길이는 변경 불가합니다.
1811,,
1812,가로 383세로 242면 몇 개 구매해야 하나요?,가로 실측 383일 경우 4폭으로 주문하시면 되고 세로 길이 변경 원할 시 배송 메세지란에 기재해 주시면 해피콜 통해 사이즈 추가금 확인해드리니 꼭 배송 메세지란에 기재부탁드립니다.
1813,,
1814,,
1815,,
1816,,
1817,,
1818,,
1819,,
1820,3월 26일 배송이라고 나와 있는데 맞나요?,고객님이 주문하신 상품은 3일 이내 출고 예정이며 고객님이 문의주신 상품에는 10자 1개 8자 1개 오렌지가든 봉집 창문 커튼으로 확인됩니다.
1821,,
1822,,
1823,,
1824,142x155가 한 장 사이즈 아닌가요?,한 장에 그 사이즈 맞습니다.
1825,,
1826,사이즈 제작 가능한가요?,6폭 주문하시면 3/3폭 2장으로 발송됩니다.
1827,,
1828,예쁘게 나비주름 부탁드리고 길이는 298이면 될까요?,가로 실측 350이시면 5폭이 시면 가능하나 6폭 주문해 주시면 넉넉할 것으로 확인됩니다.
1829,,
1830,커튼을 닫았을 때 너무 당기지 않게 하고 싶은데 5폭을 해야 하는지 6폭을 해야 하는지 어떤 게 예쁠까요?,가로 실측 330일 경우 5폭 주문하시면 되고 레일은 6자 2개 구매하시면 됩니다.
1831,,
1832,레일도 포함인가요?,레일은 따로 구매해 주셔야 합니다.
1833,,
1834,가로가 240인데 그럼 폭 4개를 구입하면 적당한 가요?,가로 실측 240일 경우 4폭 주문하시면 됩니다.
1835,,
1836,2개를 주문하면 될까요?,주름은 이미 잡혀 있는 상품으로 실측만 확인해주시면 됩니다.
1837,,
1838,호텔식 쉬폰 커튼과 화이트 쉬폰 커튼의 차임점은 소재인가요?,같은 소재이지만 호텔식은 나비주름로 이미 잡혀 있는 제품이며 화이트 시폰은 주름이 잡혀 있지 않습니다.
1839,,
1840,커튼봉 포함이야?,따로 구매해주세요.
1841,,
1842,높이 240은 안 되나요?,문의 주신 상품은 맞춤 제작 상품으로 240변경 가능하며 세로 길이 변경 원할 시 배송 메세지란에 기재해 주시면 해피콜 통해 사이즈 확인해드리니 꼭 배송 메세지란에 기재부탁드립니다.
1843,,
1844,세로사이즈가 230이던데요. 이길이 보다 조금 짧게 되나요?,세로 230으로 제작되지만 수작업이기 때문에 오차범위 +/ 1 - 2CM 는 고객님이 감안해 주셔야 합니다.
1845,,
1846,이 제품은 가로몇 CM에 사용 가능한 제품인 거죠?,이 제품은 이미 제작된 상품이지만 호텔식 커튼이기 때문에 여유분까지 생각하여야 하는 커튼이라 몇까지 사용 가능하다고 안내 어렵습니다.
1847,,
1848,326 230 속 커튼으로 달아도 될까요?,가로 실측 326일 경우 대형 제품 구매하시면 주름이 많이 연출되지 않지만 사용은 가능하십니다.
1849,,
1850,레일 말고 커튼봉으로 설치도 가능한가요?,레일 말고 커튼봉으로만은 설치 불가하며 커튼봉이용 시 커튼봉과 커튼링 같이 사용하시면 가능합니다.
1851,,
1852,저희 창문이 가로 190짜리 세로 160으로 해서 2장을 달아야 하는데 이 커튼은 142니까 3장 달아야 되나요?,이 제품은 3장으로 구매하셔도 3장으로 발송되며 연폭하여 2장으로 발송 불가합니다.
1853,,
1854,겉커튼으로 사용해도 무방한가요?,다른 고객님들의 경우 속 커튼을 암막 커튼 겉커튼으로 레이스를 많이 사용합니다.
1855,,
1856,,
1857,,
1858,사진처럼 설치하려면 설치에 필요한 커튼봉이나 커튼링은 따로 주문해야 하나요?,고객님의 가로실 측과 세로 실측을 알아야 안내가 가능합니다. 새 글로 다시 남겨주세요.
1859,,
1860,화이트 입고 언제 되나요?,현재 일시 품절로 인해 아직 정확한 입고 날짜는 정해지지 않았습니다. 입고 확인되는 대로 판매 변경도와 드리겠습니다.
1861,,
1862,,
1863,거실가로 560세로 240이면 주문 어떻게 해야 하나요?,앞쪽의 시폰은 로풍성하게 뒷쪽의 암막은 주름 없이 펼쳐가 리개처럼 사용하는 커튼으로 1.5 - 2배 여유 없이 실측 사이즈 기준으로 결제해주시면 됩니다.
1864,,
